#pragma once

// AUTO-GENERATED by tools/gen_font.py — do not edit by hand.
// Source: assets/fonts/NotoSans-Regular.ttf at 26px. Covers U+0020..U+00FF.
// Glyph bitmaps are anti-aliased 4-bit coverage (two pixels per byte, high
// nibble first, 15 = full ink), row-major, concatenated; xOffset/yOffset
// are the upper-left corner relative to the pen origin on the baseline.
// Confirm the source font's license permits embedding rasterized bitmaps.

#include <FreeInkUIFont.h>  // struct FontGlyph / BitmapFont

namespace freeink {
namespace ui {

inline constexpr uint8_t kNotoSans26aaBitmap[] = {
    0x00, 0xDF, 0xD0, 0x00, 0x0C, 0xFC, 0x00, 0x00, 0xCF, 0xB0, 0x00, 0x0B, 0xFB, 0x00, 0x00, 0xAF,
    0xA0, 0x00, 0x09, 0xF9, 0x00, 0x00, 0x9F, 0x80, 0x00, 0x08, 0xF8, 0x00, 0x00, 0x7F, 0x70, 0x00,
    0x06, 0xF6, 0x00, 0x00, 0x6F, 0x50, 0x00, 0x05, 0xF5, 0x00, 0x00, 0x4F, 0x40, 0x00, 0x00, 0x00,
    0x00, 0x00, 0x00, 0x00, 0x00, 0x0A, 0xEA, 0x00, 0x01, 0xFF, 0xF1, 0x00, 0x0A, 0xEA, 0x00, 0x04,
    0xFF, 0x20, 0x8F, 0xD0, 0x00, 0x3F, 0xF1, 0x07, 0xFC, 0x00, 0x02, 0xFF, 0x00, 0x5F, 0xB0, 0x00,
    0x1F, 0xD0, 0x04, 0xFA, 0x00, 0x00, 0xFC, 0x00, 0x3F, 0x90, 0x00, 0x0E, 0xB0, 0x02, 0xF8, 0x00,
    0x00, 0xDA, 0x00, 0x1F, 0x60, 0x00, 0x00, 0x00, 0x00, 0x00, 0x00, 0x00, 0x00, 0x00, 0x00, 0x00,
    0x00, 0x00, 0x00, 0x00, 0x00, 0x00, 0x00, 0x00, 0x00, 0x00, 0x00, 0x00, 0x00, 0x00, 0x00, 0x00,
    0x00, 0x00, 0x00, 0x00, 0x00, 0x00, 0x00, 0x00, 0x00, 0x00, 0x00, 0x00, 0x00, 0x00, 0x00, 0x00,
    0x00, 0x00, 0x00, 0x00, 0x00, 0x00, 0x00, 0x00, 0x00, 0x00, 0x00, 0x00, 0x00, 0x00, 0x00, 0x00,
    0x00, 0x00, 0x00, 0x00, 0x00, 0xAF, 0x30, 0x01, 0xFB, 0x00, 0x00, 0x00, 0x00, 0x0D, 0xF0, 0x00,
    0x4F, 0x80, 0x00, 0x00, 0x00, 0x01, 0xFC, 0x00, 0x07, 0xF5, 0x00, 0x00, 0x00, 0x00, 0x4F, 0x90,
    0x00, 0xAF, 0x20, 0x00, 0x00, 0x00, 0x07, 0xF6, 0x00, 0x0D, 0xE0, 0x00, 0x00, 0x6F, 0xFF, 0xFF,
    0xFF, 0xFF, 0xFF, 0xFF, 0xF2, 0x05, 0xDD, 0xDF, 0xFD, 0xDD, 0xEF, 0xED, 0xDD, 0x20, 0x00, 0x01,
    0xFC, 0x00, 0x07, 0xF5, 0x00, 0x00, 0x00, 0x00, 0x4F, 0x90, 0x00, 0xAF, 0x20, 0x00, 0x00, 0x00,
    0x07, 0xF6, 0x00, 0x0D, 0xE0, 0x00, 0x00, 0x00, 0x00, 0xAF, 0x30, 0x01, 0xFC, 0x00, 0x00, 0x05,
    0xFF, 0xFF, 0xFF, 0xFF, 0xFF, 0xFF, 0xFF, 0x40, 0x5D, 0xDD, 0xFF, 0xDD, 0xDE, 0xFE, 0xDD, 0xD3,
    0x00, 0x00, 0x3F, 0xA0, 0x00, 0xAF, 0x30, 0x00, 0x00, 0x00, 0x06, 0xF7, 0x00, 0x0D, 0xF0, 0x00,
    0x00, 0x00, 0x00, 0x9F, 0x40, 0x01, 0xFC, 0x00, 0x00, 0x00, 0x00, 0x0C, 0xF1, 0x00, 0x4F, 0x90,
    0x00, 0x00, 0x00, 0x00, 0xED, 0x00, 0x07, 0xF6, 0x00, 0x00, 0x00, 0x00, 0x00, 0x00, 0x6F, 0x40,
    0x00, 0x00, 0x00, 0x00, 0x00, 0x06, 0xF4, 0x00, 0x00, 0x00, 0x00, 0x01, 0x69, 0xCF, 0xCA, 0x73,
    0x00, 0x00, 0x04, 0xEF, 0xFF, 0xFF, 0xFF, 0xF9, 0x00, 0x01, 0xEF, 0xD7, 0x9F, 0x66, 0x8D, 0x50,
    0x00, 0x4F, 0xF1, 0x06, 0xF4, 0x00, 0x00, 0x00, 0x06, 0xFD, 0x00, 0x6F, 0x40, 0x00, 0x00, 0x00,
    0x3F, 0xF4, 0x06, 0xF4, 0x00, 0x00, 0x00, 0x00, 0xBF, 0xFA, 0xAF, 0x40, 0x00, 0x00, 0x00, 0x01,
    0xAF, 0xFF, 0xFB, 0x50, 0x00, 0x00, 0x00, 0x00, 0x39, 0xEF, 0xFF, 0xE7, 0x00, 0x00, 0x00, 0x00,
    0x06, 0xFA, 0xDF, 0xFA, 0x00, 0x00, 0x00, 0x00, 0x6F, 0x40, 0x6F, 0xF3, 0x00, 0x00, 0x00, 0x06,
    0xF4, 0x00, 0xDF, 0x60, 0x00, 0x00, 0x00, 0x6F, 0x40, 0x1E, 0xF5, 0x00, 0x6A, 0x63, 0x16, 0xF5,
    0x5C, 0xFD, 0x10, 0x06, 0xFF, 0xFF, 0xFF, 0xFF, 0xFD, 0x30, 0x00, 0x17, 0xBD, 0xEF, 0xFD, 0xA6,
    0x10, 0x00, 0x00, 0x00, 0x00, 0x6F, 0x40, 0x00, 0x00, 0x00, 0x00, 0x00, 0x06, 0xF4, 0x00, 0x00,
    0x00, 0x00, 0x00, 0x00, 0x6F, 0x30, 0x00, 0x00, 0x00, 0x00, 0x2A, 0xEE, 0xB2, 0x00, 0x00, 0x00,
    0x5F, 0xA0, 0x00, 0x00, 0x00, 0xCF, 0xFE, 0xFE, 0x10, 0x00, 0x00, 0xDF, 0x20, 0x00, 0x00, 0x04,
    0xFC, 0x10, 0xAF, 0x80, 0x00, 0x07, 0xF8, 0x00, 0x00, 0x00, 0x08, 0xF6, 0x00, 0x3F, 0xC0, 0x00,
    0x1E, 0xE1, 0x00, 0x00, 0x00, 0x0A, 0xF4, 0x00, 0x0F, 0xE0, 0x00, 0x9F, 0x60, 0x00, 0x00, 0x00,
    0x0B, 0xF3, 0x00, 0x0E, 0xE0, 0x03, 0xFC, 0x00, 0x00, 0x00, 0x00, 0x0A, 0xF4, 0x00, 0x0F, 0xE0,
    0x0B, 0xF4, 0x5B, 0xDA, 0x30, 0x00, 0x08, 0xF7, 0x00, 0x3F, 0xB0, 0x5F, 0xA5, 0xFF, 0xFF, 0xF3,
    0x00, 0x03, 0xFD, 0x32, 0xBF, 0x70, 0xDF, 0x2C, 0xF6, 0x18, 0xFB, 0x00, 0x00, 0xAF, 0xFF, 0xFD,
    0x17, 0xF8, 0x2F, 0xC0, 0x00, 0xEF, 0x10, 0x00, 0x08, 0xCD, 0x92, 0x1E, 0xE1, 0x4F, 0x90, 0x00,
    0xAF, 0x30, 0x00, 0x00, 0x00, 0x00, 0x9F, 0x60, 0x5F, 0x80, 0x00, 0x9F, 0x50, 0x00, 0x00, 0x00,
    0x03, 0xFC, 0x00, 0x5F, 0x80, 0x00, 0x9F, 0x50, 0x00, 0x00, 0x00, 0x0C, 0xF3, 0x00, 0x4F, 0x90,
    0x00, 0xAF, 0x40, 0x00, 0x00, 0x00, 0x5F, 0xA0, 0x00, 0x2F, 0xC0, 0x00, 0xDF, 0x10, 0x00, 0x00,
    0x01, 0xDE, 0x20, 0x00, 0x0C, 0xF4, 0x06, 0xFC, 0x00, 0x00, 0x00, 0x07, 0xF8, 0x00, 0x00, 0x05,
    0xFF, 0xEF, 0xF4, 0x00, 0x00, 0x00, 0x2E, 0xD1, 0x00, 0x00, 0x00, 0x5D, 0xFD, 0x50, 0x00, 0x00,
    0x00, 0x19, 0xDF, 0xEC, 0x50, 0x00, 0x00, 0x00, 0x00, 0x00, 0x2E, 0xFF, 0xEF, 0xFF, 0xA0, 0x00,
    0x00, 0x00, 0x00, 0x0A, 0xFD, 0x30, 0x08, 0xFF, 0x30, 0x00, 0x00, 0x00, 0x00, 0xDF, 0x70, 0x00,
    0x0E, 0xF6, 0x00, 0x00, 0x00, 0x00, 0x0C, 0xF7, 0x00, 0x00, 0xFF, 0x50, 0x00, 0x00, 0x00, 0x00,
    0x8F, 0xD1, 0x00, 0x8F, 0xE1, 0x00, 0x00, 0x00, 0x00, 0x01, 0xDF, 0xA2, 0xAF, 0xE4, 0x00, 0x00,
    0x00, 0x00, 0x00, 0x02, 0xEF, 0xFF, 0xC3, 0x00, 0x00, 0x00, 0x00, 0x00, 0x00, 0x6E, 0xFF, 0xE1,
    0x00, 0x00, 0x00, 0x00, 0x00, 0x01, 0xBF, 0xE5, 0xCF, 0xC2, 0x00, 0x00, 0xAF, 0xA0, 0x00, 0xBF,
    0xC2, 0x01, 0xCF, 0xD2, 0x00, 0x0E, 0xF5, 0x00, 0x5F, 0xF3, 0x00, 0x01, 0xBF, 0xE3, 0x06, 0xFE,
    0x00, 0x08, 0xFD, 0x00, 0x00, 0x01, 0xBF, 0xE5, 0xEF, 0x70, 0x00, 0x9F, 0xD0, 0x00, 0x00, 0x00,
    0xBF, 0xFF, 0xC1, 0x00, 0x07, 0xFF, 0x20, 0x00, 0x00, 0x03, 0xFF, 0xF7, 0x00, 0x00, 0x2E, 0xFD,
    0x40, 0x00, 0x39, 0xFF, 0xEF, 0xF6, 0x00, 0x00, 0x5E, 0xFF, 0xFE, 0xFF, 0xFF, 0x80, 0x9F, 0xF7,
    0x00, 0x00, 0x28, 0xCE, 0xFE, 0xB7, 0x10, 0x00, 0x9F, 0xF7, 0x04, 0xFF, 0x20, 0x03, 0xFF, 0x10,
    0x02, 0xFF, 0x00, 0x01, 0xFD, 0x00, 0x00, 0xFC, 0x00, 0x00, 0xEB, 0x00, 0x00, 0xDA, 0x00, 0x00,
    0x00, 0x00, 0x00, 0x00, 0x00, 0x00, 0x00, 0x00, 0x00, 0x00, 0x00, 0x00, 0x00, 0x00, 0x00, 0x00,
    0x00, 0x00, 0x00, 0x00, 0x00, 0x00, 0x00, 0x00, 0x00, 0x00, 0x00, 0x00, 0x00, 0x00, 0x00, 0x00,
    0x00, 0x00, 0x8F, 0xB0, 0x00, 0x04, 0xFE, 0x20, 0x00, 0x0C, 0xF7, 0x00, 0x00, 0x5F, 0xE1, 0x00,
    0x00, 0xBF, 0x90, 0x00, 0x01, 0xFF, 0x40, 0x00, 0x05, 0xFF, 0x00, 0x00, 0x08, 0xFC, 0x00, 0x00,
    0x0B, 0xF9, 0x00, 0x00, 0x0C, 0xF7, 0x00, 0x00, 0x0D, 0xF6, 0x00, 0x00, 0x0E, 0xF6, 0x00, 0x00,
    0x0D, 0xF7, 0x00, 0x00, 0x0C, 0xF8, 0x00, 0x00, 0x0A, 0xFA, 0x00, 0x00, 0x07, 0xFD, 0x00, 0x00,
    0x03, 0xFF, 0x20, 0x00, 0x00, 0xEF, 0x60, 0x00, 0x00, 0x9F, 0xC0, 0x00, 0x00, 0x2F, 0xF4, 0x00,
    0x00, 0x09, 0xFB, 0x00, 0x00, 0x01, 0xDF, 0x60, 0x00, 0x00, 0x27, 0x60, 0x1D, 0xF5, 0x00, 0x00,
    0x04, 0xFE, 0x10, 0x00, 0x00, 0xAF, 0x90, 0x00, 0x00, 0x4F, 0xF2, 0x00, 0x00, 0x0C, 0xF8, 0x00,
    0x00, 0x07, 0xFD, 0x00, 0x00, 0x03, 0xFF, 0x20, 0x00, 0x00, 0xEF, 0x50, 0x00, 0x00, 0xCF, 0x80,
    0x00, 0x00, 0xAF, 0x90, 0x00, 0x00, 0x9F, 0xB0, 0x00, 0x00, 0x9F, 0xB0, 0x00, 0x00, 0xAF, 0xA0,
    0x00, 0x00, 0xBF, 0x90, 0x00, 0x00, 0xDF, 0x70, 0x00, 0x01, 0xFF, 0x40, 0x00, 0x05, 0xFF, 0x10,
    0x00, 0x09, 0xFB, 0x00, 0x00, 0x1E, 0xF6, 0x00, 0x00, 0x7F, 0xD0, 0x00, 0x01, 0xEF, 0x60, 0x00,
    0x09, 0xFB, 0x00, 0x00, 0x07, 0x71, 0x00, 0x00, 0x00, 0x00, 0x02, 0xFF, 0x50, 0x00, 0x00, 0x00,
    0x00, 0x00, 0xFF, 0x30, 0x00, 0x00, 0x00, 0x00, 0x00, 0xDF, 0x20, 0x00, 0x00, 0x04, 0x30, 0x00,
    0xCF, 0x00, 0x01, 0x50, 0x0B, 0xFD, 0x95, 0xBE, 0x48, 0xCF, 0xF0, 0x0C, 0xFF, 0xFF, 0xFF, 0xFF,
    0xFF, 0xE2, 0x00, 0x01, 0x39, 0xFF, 0xC3, 0x20, 0x00, 0x00, 0x00, 0x2E, 0xDB, 0xF5, 0x00, 0x00,
    0x00, 0x01, 0xDF, 0x63, 0xFE, 0x20, 0x00, 0x00, 0x09, 0xFE, 0x10, 0xBF, 0xD1, 0x00, 0x00, 0x1B,
    0xF8, 0x00, 0x3F, 0xD3, 0x00, 0x00, 0x00, 0x41, 0x00, 0x05, 0x00, 0x00, 0x00, 0x00, 0x00, 0x00,
    0x00, 0x00, 0x00, 0x00, 0x00, 0x00, 0x00, 0x00, 0x00, 0x00, 0x00, 0x00, 0x00, 0x00, 0x00, 0x00,
    0x00, 0x00, 0x00, 0x00, 0x00, 0x00, 0x00, 0x00, 0x00, 0x00, 0x00, 0x00, 0x00, 0x00, 0x00, 0x00,
    0x00, 0x00, 0x00, 0x00, 0x00, 0x00, 0x00, 0x00, 0x00, 0x00, 0x00, 0x00, 0x00, 0x00, 0x00, 0x00,
    0x8F, 0x50, 0x00, 0x00, 0x00, 0x00, 0x00, 0x08, 0xF5, 0x00, 0x00, 0x00, 0x00, 0x00, 0x00, 0x8F,
    0x50, 0x00, 0x00, 0x00, 0x00, 0x00, 0x08, 0xF5, 0x00, 0x00, 0x00, 0x00, 0x00, 0x00, 0x8F, 0x50,
    0x00, 0x00, 0x00, 0xBF, 0xFF, 0xFF, 0xFF, 0xFF, 0xFF, 0x80, 0x09, 0xDD, 0xDD, 0xEF, 0xED, 0xDD,
    0xD7, 0x00, 0x00, 0x00, 0x08, 0xF5, 0x00, 0x00, 0x00, 0x00, 0x00, 0x00, 0x8F, 0x50, 0x00, 0x00,
    0x00, 0x00, 0x00, 0x08, 0xF5, 0x00, 0x00, 0x00, 0x00, 0x00, 0x00, 0x8F, 0x50, 0x00, 0x00, 0x00,
    0x00, 0x00, 0x08, 0xF5, 0x00, 0x00, 0x00, 0x00, 0x00, 0x00, 0x00, 0x00, 0x00, 0x00, 0x00, 0x00,
    0x00, 0x00, 0x00, 0x00, 0x00, 0x00, 0x00, 0x00, 0x00, 0x00, 0x00, 0x00, 0x00, 0x00, 0x00, 0xBF,
    0xD0, 0x00, 0x0D, 0xF9, 0x00, 0x01, 0xFF, 0x40, 0x00, 0x5F, 0xD0, 0x00, 0x08, 0xF6, 0x00, 0x00,
    0xCE, 0x10, 0x00, 0x0D, 0xDD, 0xDD, 0xD4, 0x0E, 0xFF, 0xFF, 0xF5, 0x00, 0x00, 0x00, 0x00, 0x00,
    0x00, 0x00, 0x00, 0x00, 0x00, 0x00, 0x00, 0x00, 0x00, 0x00, 0x00, 0x00, 0x00, 0x00, 0x00, 0x00,
    0x00, 0x00, 0x00, 0x00, 0xAE, 0xA0, 0x00, 0x1F, 0xFF, 0x10, 0x00, 0xAE, 0xA0, 0x00, 0x00, 0x00,
    0x00, 0x1E, 0xF3, 0x00, 0x00, 0x00, 0x6F, 0xC0, 0x00, 0x00, 0x00, 0xCF, 0x70, 0x00, 0x00, 0x03,
    0xFF, 0x10, 0x00, 0x00, 0x08, 0xFA, 0x00, 0x00, 0x00, 0x0E, 0xF4, 0x00, 0x00, 0x00, 0x5F, 0xD0,
    0x00, 0x00, 0x00, 0xBF, 0x80, 0x00, 0x00, 0x02, 0xFF, 0x20, 0x00, 0x00, 0x07, 0xFB, 0x00, 0x00,
    0x00, 0x0D, 0xF6, 0x00, 0x00, 0x00, 0x4F, 0xE1, 0x00, 0x00, 0x00, 0x9F, 0x90, 0x00, 0x00, 0x01,
    0xEF, 0x30, 0x00, 0x00, 0x06, 0xFD, 0x00, 0x00, 0x00, 0x0C, 0xF7, 0x00, 0x00, 0x00, 0x2F, 0xF1,
    0x00, 0x00, 0x00, 0x8F, 0xA0, 0x00, 0x00, 0x00, 0x00, 0x00, 0x5B, 0xEF, 0xD9, 0x30, 0x00, 0x00,
    0x00, 0x8F, 0xFF, 0xEF, 0xFF, 0x50, 0x00, 0x00, 0x5F, 0xF7, 0x00, 0x19, 0xFF, 0x20, 0x00, 0x0C,
    0xF8, 0x00, 0x00, 0x0B, 0xFA, 0x00, 0x03, 0xFF, 0x20, 0x00, 0x00, 0x5F, 0xE1, 0x00, 0x6F, 0xD0,
    0x00, 0x00, 0x01, 0xFF, 0x40, 0x09, 0xFB, 0x00, 0x00, 0x00, 0x0D, 0xF6, 0x00, 0xAF, 0x90, 0x00,
    0x00, 0x00, 0xCF, 0x80, 0x0A, 0xF9, 0x00, 0x00, 0x00, 0x0B, 0xF9, 0x00, 0xAF, 0x90, 0x00, 0x00,
    0x00, 0xBF, 0x80, 0x0A, 0xF9, 0x00, 0x00, 0x00, 0x0C, 0xF8, 0x00, 0x8F, 0xB0, 0x00, 0x00, 0x00,
    0xDF, 0x60, 0x06, 0xFD, 0x00, 0x00, 0x00, 0x1F, 0xF4, 0x00, 0x2F, 0xF2, 0x00, 0x00, 0x04, 0xFF,
    0x10, 0x00, 0xCF, 0x80, 0x00, 0x00, 0xBF, 0xA0, 0x00, 0x04, 0xFF, 0x70, 0x01, 0x9F, 0xF3, 0x00,
    0x00, 0x07, 0xFF, 0xFE, 0xFF, 0xF5, 0x00, 0x00, 0x00, 0x04, 0xAE, 0xFE, 0xA3, 0x00, 0x00, 0x00,
    0x00, 0x00, 0x5E, 0xF4, 0x00, 0x00, 0x00, 0x00, 0x00, 0x8F, 0xFF, 0x40, 0x00, 0x00, 0x00, 0x01,
    0xBF, 0xEF, 0xF4, 0x00, 0x00, 0x00, 0x03, 0xDF, 0xD2, 0xEF, 0x40, 0x00, 0x00, 0x00, 0x4F, 0xA1,
    0x0F, 0xF4, 0x00, 0x00, 0x00, 0x00, 0x30, 0x00, 0xFF, 0x40, 0x00, 0x00, 0x00, 0x00, 0x00, 0x0F,
    0xF4, 0x00, 0x00, 0x00, 0x00, 0x00, 0x00, 0xFF, 0x40, 0x00, 0x00, 0x00, 0x00, 0x00, 0x0F, 0xF4,
    0x00, 0x00, 0x00, 0x00, 0x00, 0x00, 0xFF, 0x40, 0x00, 0x00, 0x00, 0x00, 0x00, 0x0F, 0xF4, 0x00,
    0x00, 0x00, 0x00, 0x00, 0x00, 0xFF, 0x40, 0x00, 0x00, 0x00, 0x00, 0x00, 0x0F, 0xF4, 0x00, 0x00,
    0x00, 0x00, 0x00, 0x00, 0xFF, 0x40, 0x00, 0x00, 0x00, 0x00, 0x00, 0x0F, 0xF4, 0x00, 0x00, 0x00,
    0x00, 0x00, 0x00, 0xFF, 0x40, 0x00, 0x00, 0x00, 0x00, 0x00, 0x0F, 0xF4, 0x00, 0x00, 0x00, 0x00,
    0x00, 0x00, 0xFF, 0x40, 0x00, 0x00, 0x00, 0x02, 0x8C, 0xEF, 0xDA, 0x30, 0x00, 0x00, 0x07, 0xEF,
    0xFE, 0xEF, 0xFF, 0x70, 0x00, 0x04, 0xFF, 0x82, 0x00, 0x2A, 0xFF, 0x30, 0x00, 0x06, 0x20, 0x00,
    0x00, 0x1D, 0xF9, 0x00, 0x00, 0x00, 0x00, 0x00, 0x00, 0xAF, 0xB0, 0x00, 0x00, 0x00, 0x00, 0x00,
    0x0A, 0xFA, 0x00, 0x00, 0x00, 0x00, 0x00, 0x00, 0xDF, 0x70, 0x00, 0x00, 0x00, 0x00, 0x00, 0x5F,
    0xF2, 0x00, 0x00, 0x00, 0x00, 0x00, 0x1D, 0xF8, 0x00, 0x00, 0x00, 0x00, 0x00, 0x1C, 0xFC, 0x00,
    0x00, 0x00, 0x00, 0x00, 0x1B, 0xFD, 0x10, 0x00, 0x00, 0x00, 0x00, 0x1B, 0xFD, 0x20, 0x00, 0x00,
    0x00, 0x00, 0x1B, 0xFD, 0x10, 0x00, 0x00, 0x00, 0x00, 0x1C, 0xFC, 0x10, 0x00, 0x00, 0x00, 0x00,
    0x1C, 0xFC, 0x10, 0x00, 0x00, 0x00, 0x00, 0x1C, 0xFB, 0x10, 0x00, 0x00, 0x00, 0x00, 0x0A, 0xFF,
    0xED, 0xDD, 0xDD, 0xDD, 0xD7, 0x00, 0xBF, 0xFF, 0xFF, 0xFF, 0xFF, 0xFF, 0x80, 0x00, 0x05, 0xAD,
    0xEF, 0xEB, 0x60, 0x00, 0x00, 0x4D, 0xFF, 0xFE, 0xEF, 0xFF, 0xB0, 0x00, 0x03, 0xFB, 0x41, 0x00,
    0x18, 0xFF, 0x70, 0x00, 0x01, 0x00, 0x00, 0x00, 0x0B, 0xFB, 0x00, 0x00, 0x00, 0x00, 0x00, 0x00,
    0x8F, 0xB0, 0x00, 0x00, 0x00, 0x00, 0x00, 0x1D, 0xF8, 0x00, 0x00, 0x00, 0x00, 0x00, 0x4C, 0xFB,
    0x10, 0x00, 0x00, 0x0D, 0xDE, 0xFF, 0xB6, 0x00, 0x00, 0x00, 0x00, 0xFF, 0xFF, 0xFE, 0xA3, 0x00,
    0x00, 0x00, 0x00, 0x00, 0x25, 0xBF, 0xF5, 0x00, 0x00, 0x00, 0x00, 0x00, 0x00, 0x9F, 0xE1, 0x00,
    0x00, 0x00, 0x00, 0x00, 0x02, 0xFF, 0x40, 0x00, 0x00, 0x00, 0x00, 0x00, 0x0F, 0xF5, 0x00, 0x00,
    0x00, 0x00, 0x00, 0x02, 0xFF, 0x40, 0x00, 0x00, 0x00, 0x00, 0x00, 0x9F, 0xE1, 0x00, 0xCA, 0x41,
    0x00, 0x02, 0x9F, 0xF7, 0x00, 0x0C, 0xFF, 0xFE, 0xDE, 0xFF, 0xF8, 0x00, 0x00, 0x28, 0xCD, 0xEF,
    0xEC, 0x83, 0x00, 0x00, 0x00, 0x00, 0x00, 0x00, 0x2E, 0xFA, 0x00, 0x00, 0x00, 0x00, 0x00, 0x0C,
    0xFF, 0xA0, 0x00, 0x00, 0x00, 0x00, 0x08, 0xFD, 0xFA, 0x00, 0x00, 0x00, 0x00, 0x04, 0xFD, 0x8F,
    0xA0, 0x00, 0x00, 0x00, 0x01, 0xDF, 0x48, 0xFA, 0x00, 0x00, 0x00, 0x00, 0xAF, 0x80, 0x8F, 0xA0,
    0x00, 0x00, 0x00, 0x6F, 0xC0, 0x08, 0xFA, 0x00, 0x00, 0x00, 0x3E, 0xE2, 0x00, 0x8F, 0xA0, 0x00,
    0x00, 0x0C, 0xF5, 0x00, 0x08, 0xFA, 0x00, 0x00, 0x09, 0xF9, 0x00, 0x00, 0x8F, 0xA0, 0x00, 0x05,
    0xFD, 0x10, 0x00, 0x08, 0xFA, 0x00, 0x02, 0xEF, 0x30, 0x00, 0x00, 0x9F, 0xA0, 0x00, 0x7F, 0xFF,
    0xFF, 0xFF, 0xFF, 0xFF, 0xFF, 0x57, 0xFF, 0xFF, 0xFF, 0xFF, 0xFF, 0xFF, 0xF5, 0x00, 0x00, 0x00,
    0x00, 0x08, 0xFA, 0x00, 0x00, 0x00, 0x00, 0x00, 0x00, 0x8F, 0xA0, 0x00, 0x00, 0x00, 0x00, 0x00,
    0x08, 0xFA, 0x00, 0x00, 0x00, 0x00, 0x00, 0x00, 0x8F, 0xA0, 0x00, 0x00, 0x4F, 0xFF, 0xFF, 0xFF,
    0xFF, 0x10, 0x00, 0x05, 0xFF, 0xDD, 0xDD, 0xDD, 0xD1, 0x00, 0x00, 0x7F, 0xA0, 0x00, 0x00, 0x00,
    0x00, 0x00, 0x08, 0xF9, 0x00, 0x00, 0x00, 0x00, 0x00, 0x00, 0xAF, 0x70, 0x00, 0x00, 0x00, 0x00,
    0x00, 0x0B, 0xF6, 0x00, 0x00, 0x00, 0x00, 0x00, 0x00, 0xCF, 0xBB, 0xCD, 0xB8, 0x30, 0x00, 0x00,
    0x0C, 0xFF, 0xFF, 0xFF, 0xFF, 0x80, 0x00, 0x00, 0x16, 0x31, 0x01, 0x4B, 0xFF, 0x70, 0x00, 0x00,
    0x00, 0x00, 0x00, 0x0A, 0xFE, 0x10, 0x00, 0x00, 0x00, 0x00, 0x00, 0x3F, 0xF4, 0x00, 0x00, 0x00,
    0x00, 0x00, 0x00, 0xFF, 0x50, 0x00, 0x00, 0x00, 0x00, 0x00, 0x0F, 0xF5, 0x00, 0x00, 0x00, 0x00,
    0x00, 0x03, 0xFF, 0x20, 0x00, 0x00, 0x00, 0x00, 0x00, 0xAF, 0xC0, 0x00, 0x5B, 0x51, 0x00, 0x03,
    0xBF, 0xF4, 0x00, 0x05, 0xFF, 0xFE, 0xDE, 0xFF, 0xE5, 0x00, 0x00, 0x16, 0xAC, 0xEF, 0xEC, 0x82,
    0x00, 0x00, 0x00, 0x00, 0x01, 0x6B, 0xDE, 0xFD, 0x30, 0x00, 0x00, 0x05, 0xEF, 0xFF, 0xEE, 0xF3,
    0x00, 0x00, 0x05, 0xFF, 0xA4, 0x00, 0x01, 0x10, 0x00, 0x02, 0xEF, 0x70, 0x00, 0x00, 0x00, 0x00,
    0x00, 0x9F, 0xB0, 0x00, 0x00, 0x00, 0x00, 0x00, 0x0E, 0xF4, 0x00, 0x00, 0x00, 0x00, 0x00, 0x03,
    0xFF, 0x02, 0x9C, 0xDB, 0x71, 0x00, 0x00, 0x5F, 0xD5, 0xFF, 0xFF, 0xFF, 0xD2, 0x00, 0x07, 0xFD,
    0xFA, 0x31, 0x15, 0xEF, 0xC0, 0x00, 0x8F, 0xF8, 0x00, 0x00, 0x04, 0xFF, 0x40, 0x08, 0xFE, 0x00,
    0x00, 0x00, 0x0C, 0xF8, 0x00, 0x7F, 0xC0, 0x00, 0x00, 0x00, 0xAF, 0x90, 0x05, 0xFD, 0x00, 0x00,
    0x00, 0x0A, 0xF9, 0x00, 0x1F, 0xF3, 0x00, 0x00, 0x00, 0xCF, 0x70, 0x00, 0xBF, 0xA0, 0x00, 0x00,
    0x3F, 0xF3, 0x00, 0x03, 0xFF, 0xA1, 0x00, 0x4E, 0xFA, 0x00, 0x00, 0x05, 0xEF, 0xFE, 0xEF, 0xFC,
    0x10, 0x00, 0x00, 0x02, 0x8D, 0xEE, 0xC6, 0x00, 0x00, 0x0D, 0xFF, 0xFF, 0xFF, 0xFF, 0xFF, 0xF9,
    0x00, 0xBD, 0xDD, 0xDD, 0xDD, 0xDD, 0xFF, 0x80, 0x00, 0x00, 0x00, 0x00, 0x00, 0x2F, 0xF3, 0x00,
    0x00, 0x00, 0x00, 0x00, 0x09, 0xFB, 0x00, 0x00, 0x00, 0x00, 0x00, 0x02, 0xFF, 0x40, 0x00, 0x00,
    0x00, 0x00, 0x00, 0x8F, 0xC0, 0x00, 0x00, 0x00, 0x00, 0x00, 0x1E, 0xF5, 0x00, 0x00, 0x00, 0x00,
    0x00, 0x08, 0xFD, 0x00, 0x00, 0x00, 0x00, 0x00, 0x01, 0xEF, 0x60, 0x00, 0x00, 0x00, 0x00, 0x00,
    0x7F, 0xE1, 0x00, 0x00, 0x00, 0x00, 0x00, 0x0D, 0xF8, 0x00, 0x00, 0x00, 0x00, 0x00, 0x06, 0xFE,
    0x10, 0x00, 0x00, 0x00, 0x00, 0x00, 0xDF, 0x90, 0x00, 0x00, 0x00, 0x00, 0x00, 0x5F, 0xF2, 0x00,
    0x00, 0x00, 0x00, 0x00, 0x0C, 0xFA, 0x00, 0x00, 0x00, 0x00, 0x00, 0x04, 0xFF, 0x30, 0x00, 0x00,
    0x00, 0x00, 0x00, 0xBF, 0xB0, 0x00, 0x00, 0x00, 0x00, 0x00, 0x3F, 0xF4, 0x00, 0x00, 0x00, 0x00,
    0x00, 0x00, 0x6B, 0xEF, 0xEB, 0x60, 0x00, 0x00, 0x02, 0xDF, 0xFF, 0xEF, 0xFF, 0xC1, 0x00, 0x00,
    0xBF, 0xE5, 0x00, 0x06, 0xFF, 0x90, 0x00, 0x0F, 0xF5, 0x00, 0x00, 0x08, 0xFD, 0x00, 0x01, 0xFF,
    0x20, 0x00, 0x00, 0x5F, 0xE0, 0x00, 0x0E, 0xF5, 0x00, 0x00, 0x08, 0xFB, 0x00, 0x00, 0x6F, 0xE3,
    0x00, 0x05, 0xFF, 0x30, 0x00, 0x00, 0x8F, 0xFA, 0x5A, 0xFE, 0x40, 0x00, 0x00, 0x00, 0x5F, 0xFF,
    0xFC, 0x10, 0x00, 0x00, 0x00, 0x5D, 0xFC, 0xBF, 0xFC, 0x30, 0x00, 0x00, 0x8F, 0xE5, 0x00, 0x2A,
    0xFF, 0x60, 0x00, 0x4F, 0xF3, 0x00, 0x00, 0x06, 0xFF, 0x20, 0x09, 0xFA, 0x00, 0x00, 0x00, 0x0C,
    0xF7, 0x00, 0xAF, 0x90, 0x00, 0x00, 0x00, 0xAF, 0x80, 0x08, 0xFD, 0x00, 0x00, 0x00, 0x1E, 0xF6,
    0x00, 0x3F, 0xFB, 0x20, 0x00, 0x4C, 0xFE, 0x10, 0x00, 0x6F, 0xFF, 0xEE, 0xFF, 0xFE, 0x30, 0x00,
    0x00, 0x29, 0xCE, 0xFE, 0xC7, 0x10, 0x00, 0x00, 0x00, 0x7C, 0xEE, 0xD8, 0x20, 0x00, 0x00, 0x02,
    0xCF, 0xFF, 0xEF, 0xFE, 0x40, 0x00, 0x00, 0xCF, 0xD4, 0x00, 0x29, 0xFE, 0x20, 0x00, 0x4F, 0xF2,
    0x00, 0x00, 0x0A, 0xFA, 0x00, 0x08, 0xFB, 0x00, 0x00, 0x00, 0x2F, 0xF1, 0x00, 0xAF, 0x90, 0x00,
    0x00, 0x00, 0xDF, 0x50, 0x0A, 0xFA, 0x00, 0x00, 0x00, 0x0D, 0xF6, 0x00, 0x7F, 0xE1, 0x00, 0x00,
    0x05, 0xFF, 0x70, 0x02, 0xFF, 0xB3, 0x00, 0x17, 0xEE, 0xF7, 0x00, 0x05, 0xFF, 0xFE, 0xEF, 0xF7,
    0xDF, 0x60, 0x00, 0x03, 0xAE, 0xFE, 0xB4, 0x0E, 0xF4, 0x00, 0x00, 0x00, 0x00, 0x00, 0x02, 0xFF,
    0x20, 0x00, 0x00, 0x00, 0x00, 0x00, 0x7F, 0xD0, 0x00, 0x00, 0x00, 0x00, 0x00, 0x1D, 0xF8, 0x00,
    0x00, 0x00, 0x00, 0x00, 0x0A, 0xFE, 0x10, 0x00, 0x01, 0x00, 0x01, 0x5C, 0xFF, 0x40, 0x00, 0x00,
    0x5F, 0xEE, 0xFF, 0xFE, 0x40, 0x00, 0x00, 0x04, 0xDF, 0xED, 0xB6, 0x10, 0x00, 0x00, 0x00, 0xAF,
    0xA0, 0x00, 0x1F, 0xFF, 0x10, 0x00, 0xAF, 0xA0, 0x00, 0x00, 0x00, 0x00, 0x00, 0x00, 0x00, 0x00,
    0x00, 0x00, 0x00, 0x00, 0x00, 0x00, 0x00, 0x00, 0x00, 0x00, 0x00, 0x00, 0x00, 0x00, 0x00, 0x00,
    0x00, 0x00, 0x00, 0x00, 0x00, 0x0A, 0xEA, 0x00, 0x01, 0xFF, 0xF1, 0x00, 0x0A, 0xEA, 0x00, 0x00,
    0xBF, 0x90, 0x00, 0x2F, 0xFF, 0x00, 0x00, 0xBF, 0x90, 0x00, 0x00, 0x00, 0x00, 0x00, 0x00, 0x00,
    0x00, 0x00, 0x00, 0x00, 0x00, 0x00, 0x00, 0x00, 0x00, 0x00, 0x00, 0x00, 0x00, 0x00, 0x00, 0x00,
    0x00, 0x00, 0x00, 0x00, 0x00, 0x00, 0x0E, 0xFA, 0x00, 0x02, 0xFF, 0x60, 0x00, 0x5F, 0xE1, 0x00,
    0x09, 0xF9, 0x00, 0x00, 0xCF, 0x30, 0x00, 0x1F, 0xB0, 0x00, 0x00, 0x00, 0x00, 0x00, 0x00, 0x00,
    0x00, 0x46, 0x00, 0x00, 0x00, 0x00, 0x00, 0x04, 0xCF, 0x80, 0x00, 0x00, 0x00, 0x00, 0x4C, 0xFF,
    0xB3, 0x00, 0x00, 0x00, 0x04, 0xCF, 0xFA, 0x30, 0x00, 0x00, 0x00, 0x4C, 0xFF, 0x92, 0x00, 0x00,
    0x00, 0x05, 0xCF, 0xE8, 0x20, 0x00, 0x00, 0x00, 0x09, 0xFF, 0x71, 0x00, 0x00, 0x00, 0x00, 0x00,
    0x8F, 0xFD, 0x61, 0x00, 0x00, 0x00, 0x00, 0x00, 0x29, 0xEF, 0xE9, 0x20, 0x00, 0x00, 0x00, 0x00,
    0x01, 0x7D, 0xFF, 0xB5, 0x00, 0x00, 0x00, 0x00, 0x00, 0x05, 0xCF, 0xFD, 0x71, 0x00, 0x00, 0x00,
    0x00, 0x00, 0x3A, 0xFF, 0x80, 0x00, 0x00, 0x00, 0x00, 0x00, 0x02, 0x87, 0x00, 0x00, 0x00, 0x00,
    0x00, 0x00, 0x00, 0x00, 0x00, 0x00, 0x00, 0x00, 0x00, 0x00, 0x00, 0x00, 0x00, 0x00, 0x00, 0x00,
    0x00, 0x00, 0x00, 0x08, 0xFF, 0xFF, 0xFF, 0xFF, 0xFF, 0xF5, 0x00, 0x7D, 0xDD, 0xDD, 0xDD, 0xDD,
    0xDD, 0x50, 0x00, 0x00, 0x00, 0x00, 0x00, 0x00, 0x00, 0x00, 0x00, 0x00, 0x00, 0x00, 0x00, 0x00,
    0x00, 0x00, 0x00, 0x00, 0x00, 0x00, 0x00, 0x00, 0x00, 0x7D, 0xDD, 0xDD, 0xDD, 0xDD, 0xDD, 0x50,
    0x08, 0xFF, 0xFF, 0xFF, 0xFF, 0xFF, 0xF5, 0x00, 0x00, 0x00, 0x00, 0x00, 0x00, 0x00, 0x00, 0x00,
    0x00, 0x00, 0x00, 0x00, 0x00, 0x00, 0x00, 0x00, 0x00, 0x00, 0x00, 0x00, 0x00, 0x00, 0x00, 0x00,
    0x00, 0x00, 0x00, 0x00, 0x00, 0x00, 0x00, 0x00, 0x00, 0x00, 0x00, 0x00, 0x00, 0x00, 0x00, 0x00,
    0x00, 0x00, 0x00, 0x00, 0x00, 0x07, 0x30, 0x00, 0x00, 0x00, 0x00, 0x00, 0x00, 0xBF, 0xB3, 0x00,
    0x00, 0x00, 0x00, 0x00, 0x04, 0xCF, 0xFB, 0x30, 0x00, 0x00, 0x00, 0x00, 0x00, 0x4B, 0xFF, 0xB3,
    0x00, 0x00, 0x00, 0x00, 0x00, 0x03, 0xAF, 0xFB, 0x30, 0x00, 0x00, 0x00, 0x00, 0x00, 0x3A, 0xFF,
    0xB3, 0x00, 0x00, 0x00, 0x00, 0x00, 0x02, 0x9F, 0xF7, 0x00, 0x00, 0x00, 0x00, 0x01, 0x7D, 0xFF,
    0x60, 0x00, 0x00, 0x00, 0x39, 0xFF, 0xE8, 0x10, 0x00, 0x00, 0x06, 0xCF, 0xFC, 0x60, 0x00, 0x00,
    0x02, 0x8E, 0xFF, 0xB4, 0x00, 0x00, 0x00, 0x00, 0xBF, 0xE9, 0x20, 0x00, 0x00, 0x00, 0x00, 0x09,
    0x71, 0x00, 0x00, 0x00, 0x00, 0x00, 0x00, 0x00, 0x00, 0x00, 0x00, 0x00, 0x00, 0x00, 0x00, 0x00,
    0x00, 0x00, 0x00, 0x00, 0x00, 0x00, 0x00, 0x00, 0x00, 0x00, 0x00, 0x00, 0x00, 0x03, 0x9C, 0xEF,
    0xEB, 0x50, 0x07, 0xFF, 0xFE, 0xEF, 0xFF, 0x80, 0x2C, 0x61, 0x00, 0x18, 0xFF, 0x30, 0x00, 0x00,
    0x00, 0x0C, 0xF8, 0x00, 0x00, 0x00, 0x00, 0x9F, 0x90, 0x00, 0x00, 0x00, 0x0C, 0xF7, 0x00, 0x00,
    0x00, 0x06, 0xFE, 0x20, 0x00, 0x00, 0x07, 0xFF, 0x50, 0x00, 0x00, 0x09, 0xFE, 0x40, 0x00, 0x00,
    0x08, 0xFD, 0x30, 0x00, 0x00, 0x01, 0xFE, 0x20, 0x00, 0x00, 0x00, 0x5F, 0x90, 0x00, 0x00, 0x00,
    0x05, 0xF7, 0x00, 0x00, 0x00, 0x00, 0x00, 0x00, 0x00, 0x00, 0x00, 0x00, 0x00, 0x00, 0x00, 0x00,
    0x00, 0x8E, 0xB1, 0x00, 0x00, 0x00, 0x0E, 0xFF, 0x30, 0x00, 0x00, 0x00, 0x8E, 0xB0, 0x00, 0x00,
    0x00, 0x00, 0x00, 0x01, 0x59, 0xCE, 0xFE, 0xC9, 0x40, 0x00, 0x00, 0x00, 0x00, 0x00, 0x07, 0xEF,
    0xFF, 0xED, 0xFF, 0xFF, 0xC3, 0x00, 0x00, 0x00, 0x00, 0x1B, 0xFE, 0x94, 0x10, 0x00, 0x16, 0xBF,
    0xF5, 0x00, 0x00, 0x00, 0x1D, 0xFC, 0x20, 0x00, 0x00, 0x00, 0x00, 0x6F, 0xF3, 0x00, 0x00, 0x0A,
    0xFA, 0x00, 0x05, 0xBE, 0xFD, 0xB8, 0x10, 0x5F, 0xD0, 0x00, 0x03, 0xFD, 0x10, 0x08, 0xFF, 0xFE,
    0xFF, 0xF2, 0x00, 0xBF, 0x50, 0x00, 0xBF, 0x40, 0x05, 0xFE, 0x50, 0x00, 0xDF, 0x20, 0x04, 0xF9,
    0x00, 0x1F, 0xD0, 0x00, 0xDF, 0x50, 0x00, 0x0E, 0xF1, 0x00, 0x1F, 0xC0, 0x04, 0xF9, 0x00, 0x2F,
    0xE0, 0x00, 0x00, 0xEF, 0x00, 0x00, 0xFD, 0x00, 0x6F, 0x70, 0x04, 0xFC, 0x00, 0x00, 0x0F, 0xE0,
    0x00, 0x0F, 0xC0, 0x07, 0xF6, 0x00, 0x4F, 0xC0, 0x00, 0x03, 0xFE, 0x00, 0x03, 0xFA, 0x00, 0x7F,
    0x60, 0x02, 0xFE, 0x10, 0x00, 0x8F, 0xF0, 0x00, 0x8F, 0x60, 0x05, 0xF8, 0x00, 0x0C, 0xFA, 0x21,
    0x5F, 0xBF, 0x71, 0x5F, 0xE1, 0x00, 0x3F, 0xC0, 0x00, 0x3F, 0xFF, 0xFF, 0xB1, 0xDF, 0xFF, 0xF4,
    0x00, 0x00, 0xDF, 0x30, 0x00, 0x3A, 0xDC, 0x71, 0x02, 0xBD, 0xA3, 0x00, 0x00, 0x07, 0xFC, 0x00,
    0x00, 0x00, 0x00, 0x00, 0x00, 0x00, 0x00, 0x00, 0x00, 0x0C, 0xFB, 0x10, 0x00, 0x00, 0x00, 0x00,
    0x00, 0x00, 0x00, 0x00, 0x00, 0x2D, 0xFE, 0x83, 0x00, 0x00, 0x14, 0x8A, 0x00, 0x00, 0x00, 0x00,
    0x00, 0x19, 0xFF, 0xFF, 0xED, 0xEF, 0xFF, 0xC0, 0x00, 0x00, 0x00, 0x00, 0x00, 0x02, 0x7B, 0xDF,
    0xFE, 0xCA, 0x51, 0x00, 0x00, 0x00, 0x00, 0x00, 0x00, 0x0E, 0xF8, 0x00, 0x00, 0x00, 0x00, 0x00,
    0x00, 0x05, 0xFF, 0xE0, 0x00, 0x00, 0x00, 0x00, 0x00, 0x00, 0xBF, 0xCF, 0x50, 0x00, 0x00, 0x00,
    0x00, 0x00, 0x2F, 0xE5, 0xFB, 0x00, 0x00, 0x00, 0x00, 0x00, 0x08, 0xF9, 0x0E, 0xF2, 0x00, 0x00,
    0x00, 0x00, 0x00, 0xEF, 0x30, 0x9F, 0x90, 0x00, 0x00, 0x00, 0x00, 0x6F, 0xC0, 0x03, 0xFE, 0x10,
    0x00, 0x00, 0x00, 0x0C, 0xF6, 0x00, 0x0C, 0xF6, 0x00, 0x00, 0x00, 0x03, 0xFE, 0x10, 0x00, 0x6F,
    0xC0, 0x00, 0x00, 0x00, 0x9F, 0x80, 0x00, 0x00, 0xEF, 0x30, 0x00, 0x00, 0x1E, 0xFF, 0xFF, 0xFF,
    0xFF, 0xF9, 0x00, 0x00, 0x06, 0xFF, 0xFF, 0xFF, 0xFF, 0xFF, 0xE1, 0x00, 0x00, 0xCF, 0x61, 0x11,
    0x11, 0x11, 0xDF, 0x60, 0x00, 0x3F, 0xF1, 0x00, 0x00, 0x00, 0x08, 0xFC, 0x00, 0x09, 0xFA, 0x00,
    0x00, 0x00, 0x00, 0x2F, 0xF3, 0x01, 0xEF, 0x40, 0x00, 0x00, 0x00, 0x00, 0xCF, 0x90, 0x6F, 0xE0,
    0x00, 0x00, 0x00, 0x00, 0x06, 0xFE, 0x1C, 0xF8, 0x00, 0x00, 0x00, 0x00, 0x00, 0x1E, 0xF6, 0x00,
    0x7F, 0xFF, 0xFF, 0xFE, 0xC9, 0x50, 0x00, 0x00, 0x07, 0xFF, 0xDD, 0xDD, 0xFF, 0xFF, 0xB1, 0x00,
    0x00, 0x7F, 0xD0, 0x00, 0x00, 0x29, 0xFF, 0x80, 0x00, 0x07, 0xFD, 0x00, 0x00, 0x00, 0x0B, 0xFC,
    0x00, 0x00, 0x7F, 0xD0, 0x00, 0x00, 0x00, 0x9F, 0xC0, 0x00, 0x07, 0xFD, 0x00, 0x00, 0x00, 0x0C,
    0xF9, 0x00, 0x00, 0x7F, 0xD0, 0x00, 0x00, 0x29, 0xFE, 0x20, 0x00, 0x07, 0xFF, 0xDD, 0xDD, 0xEF,
    0xD8, 0x10, 0x00, 0x00, 0x7F, 0xFF, 0xFF, 0xFF, 0xFE, 0xA3, 0x00, 0x00, 0x07, 0xFD, 0x00, 0x00,
    0x14, 0xAF, 0xF6, 0x00, 0x00, 0x7F, 0xD0, 0x00, 0x00, 0x00, 0x9F, 0xF1, 0x00, 0x07, 0xFD, 0x00,
    0x00, 0x00, 0x03, 0xFF, 0x60, 0x00, 0x7F, 0xD0, 0x00, 0x00, 0x00, 0x1F, 0xF7, 0x00, 0x07, 0xFD,
    0x00, 0x00, 0x00, 0x03, 0xFF, 0x60, 0x00, 0x7F, 0xD0, 0x00, 0x00, 0x00, 0x9F, 0xF3, 0x00, 0x07,
    0xFD, 0x00, 0x00, 0x01, 0x8F, 0xFA, 0x00, 0x00, 0x7F, 0xFD, 0xDD, 0xDE, 0xFF, 0xFB, 0x10, 0x00,
    0x07, 0xFF, 0xFF, 0xFF, 0xFD, 0xA5, 0x00, 0x00, 0x00, 0x00, 0x00, 0x49, 0xCE, 0xFE, 0xCA, 0x51,
    0x00, 0x00, 0x1B, 0xFF, 0xFE, 0xDE, 0xFF, 0xF6, 0x00, 0x02, 0xDF, 0xE8, 0x20, 0x00, 0x38, 0xC0,
    0x00, 0x0C, 0xFE, 0x30, 0x00, 0x00, 0x00, 0x00, 0x00, 0x7F, 0xF4, 0x00, 0x00, 0x00, 0x00, 0x00,
    0x00, 0xDF, 0xB0, 0x00, 0x00, 0x00, 0x00, 0x00, 0x02, 0xFF, 0x60, 0x00, 0x00, 0x00, 0x00, 0x00,
    0x05, 0xFF, 0x30, 0x00, 0x00, 0x00, 0x00, 0x00, 0x06, 0xFF, 0x10, 0x00, 0x00, 0x00, 0x00, 0x00,
    0x05, 0xFF, 0x10, 0x00, 0x00, 0x00, 0x00, 0x00, 0x04, 0xFF, 0x30, 0x00, 0x00, 0x00, 0x00, 0x00,
    0x02, 0xFF, 0x50, 0x00, 0x00, 0x00, 0x00, 0x00, 0x00, 0xDF, 0xA0, 0x00, 0x00, 0x00, 0x00, 0x00,
    0x00, 0x8F, 0xF3, 0x00, 0x00, 0x00, 0x00, 0x00, 0x00, 0x1E, 0xFD, 0x20, 0x00, 0x00, 0x00, 0x00,
    0x00, 0x04, 0xFF, 0xE7, 0x20, 0x00, 0x13, 0x60, 0x00, 0x00, 0x3E, 0xFF, 0xFE, 0xDE, 0xFF, 0xD0,
    0x00, 0x00, 0x01, 0x6B, 0xDF, 0xFE, 0xDA, 0x60, 0x00, 0x7F, 0xFF, 0xFF, 0xFE, 0xC9, 0x30, 0x00,
    0x00, 0x00, 0x07, 0xFF, 0xDD, 0xDE, 0xFF, 0xFF, 0xB1, 0x00, 0x00, 0x00, 0x7F, 0xD0, 0x00, 0x00,
    0x39, 0xFF, 0xE2, 0x00, 0x00, 0x07, 0xFD, 0x00, 0x00, 0x00, 0x03, 0xDF, 0xD1, 0x00, 0x00, 0x7F,
    0xD0, 0x00, 0x00, 0x00, 0x03, 0xFF, 0x80, 0x00, 0x07, 0xFD, 0x00, 0x00, 0x00, 0x00, 0x0A, 0xFE,
    0x00, 0x00, 0x7F, 0xD0, 0x00, 0x00, 0x00, 0x00, 0x5F, 0xF2, 0x00, 0x07, 0xFD, 0x00, 0x00, 0x00,
    0x00, 0x03, 0xFF, 0x50, 0x00, 0x7F, 0xD0, 0x00, 0x00, 0x00, 0x00, 0x2F, 0xF6, 0x00, 0x07, 0xFD,
    0x00, 0x00, 0x00, 0x00, 0x02, 0xFF, 0x50, 0x00, 0x7F, 0xD0, 0x00, 0x00, 0x00, 0x00, 0x3F, 0xF4,
    0x00, 0x07, 0xFD, 0x00, 0x00, 0x00, 0x00, 0x06, 0xFF, 0x10, 0x00, 0x7F, 0xD0, 0x00, 0x00, 0x00,
    0x00, 0xBF, 0xC0, 0x00, 0x07, 0xFD, 0x00, 0x00, 0x00, 0x00, 0x5F, 0xF6, 0x00, 0x00, 0x7F, 0xD0,
    0x00, 0x00, 0x00, 0x4E, 0xFC, 0x00, 0x00, 0x07, 0xFD, 0x00, 0x00, 0x14, 0xAF, 0xFD, 0x20, 0x00,
    0x00, 0x7F, 0xFD, 0xDD, 0xEF, 0xFF, 0xF9, 0x10, 0x00, 0x00, 0x07, 0xFF, 0xFF, 0xFE, 0xDB, 0x72,
    0x00, 0x00, 0x00, 0x00, 0x7F, 0xFF, 0xFF, 0xFF, 0xFF, 0xD0, 0x00, 0x7F, 0xFD, 0xDD, 0xDD, 0xDD,
    0xC0, 0x00, 0x7F, 0xD0, 0x00, 0x00, 0x00, 0x00, 0x00, 0x7F, 0xD0, 0x00, 0x00, 0x00, 0x00, 0x00,
    0x7F, 0xD0, 0x00, 0x00, 0x00, 0x00, 0x00, 0x7F, 0xD0, 0x00, 0x00, 0x00, 0x00, 0x00, 0x7F, 0xD0,
    0x00, 0x00, 0x00, 0x00, 0x00, 0x7F, 0xFD, 0xDD, 0xDD, 0xDD, 0x60, 0x00, 0x7F, 0xFF, 0xFF, 0xFF,
    0xFF, 0x60, 0x00, 0x7F, 0xD0, 0x00, 0x00, 0x00, 0x00, 0x00, 0x7F, 0xD0, 0x00, 0x00, 0x00, 0x00,
    0x00, 0x7F, 0xD0, 0x00, 0x00, 0x00, 0x00, 0x00, 0x7F, 0xD0, 0x00, 0x00, 0x00, 0x00, 0x00, 0x7F,
    0xD0, 0x00, 0x00, 0x00, 0x00, 0x00, 0x7F, 0xD0, 0x00, 0x00, 0x00, 0x00, 0x00, 0x7F, 0xD0, 0x00,
    0x00, 0x00, 0x00, 0x00, 0x7F, 0xFD, 0xDD, 0xDD, 0xDD, 0xC0, 0x00, 0x7F, 0xFF, 0xFF, 0xFF, 0xFF,
    0xD0, 0x00, 0x7F, 0xFF, 0xFF, 0xFF, 0xFF, 0xD0, 0x00, 0x7F, 0xFD, 0xDD, 0xDD, 0xDD, 0xC0, 0x00,
    0x7F, 0xD0, 0x00, 0x00, 0x00, 0x00, 0x00, 0x7F, 0xD0, 0x00, 0x00, 0x00, 0x00, 0x00, 0x7F, 0xD0,
    0x00, 0x00, 0x00, 0x00, 0x00, 0x7F, 0xD0, 0x00, 0x00, 0x00, 0x00, 0x00, 0x7F, 0xD0, 0x00, 0x00,
    0x00, 0x00, 0x00, 0x7F, 0xD0, 0x00, 0x00, 0x00, 0x00, 0x00, 0x7F, 0xFD, 0xDD, 0xDD, 0xDD, 0x50,
    0x00, 0x7F, 0xFF, 0xFF, 0xFF, 0xFF, 0x60, 0x00, 0x7F, 0xD0, 0x00, 0x00, 0x00, 0x00, 0x00, 0x7F,
    0xD0, 0x00, 0x00, 0x00, 0x00, 0x00, 0x7F, 0xD0, 0x00, 0x00, 0x00, 0x00, 0x00, 0x7F, 0xD0, 0x00,
    0x00, 0x00, 0x00, 0x00, 0x7F, 0xD0, 0x00, 0x00, 0x00, 0x00, 0x00, 0x7F, 0xD0, 0x00, 0x00, 0x00,
    0x00, 0x00, 0x7F, 0xD0, 0x00, 0x00, 0x00, 0x00, 0x00, 0x7F, 0xD0, 0x00, 0x00, 0x00, 0x00, 0x00,
    0x00, 0x00, 0x27, 0xBD, 0xFF, 0xEC, 0xA5, 0x10, 0x00, 0x00, 0x00, 0x8F, 0xFF, 0xFE, 0xEF, 0xFF,
    0xF8, 0x00, 0x00, 0x01, 0xCF, 0xFA, 0x40, 0x00, 0x02, 0x7B, 0x10, 0x00, 0x00, 0xAF, 0xE4, 0x00,
    0x00, 0x00, 0x00, 0x00, 0x00, 0x00, 0x6F, 0xF5, 0x00, 0x00, 0x00, 0x00, 0x00, 0x00, 0x00, 0x0C,
    0xFB, 0x00, 0x00, 0x00, 0x00, 0x00, 0x00, 0x00, 0x02, 0xFF, 0x60, 0x00, 0x00, 0x00, 0x00, 0x00,
    0x00, 0x00, 0x5F, 0xF2, 0x00, 0x00, 0x00, 0x00, 0x00, 0x00, 0x00, 0x06, 0xFF, 0x10, 0x00, 0x00,
    0x6D, 0xDD, 0xDD, 0xD0, 0x00, 0x6F, 0xF1, 0x00, 0x00, 0x06, 0xFF, 0xFF, 0xFF, 0x00, 0x05, 0xFF,
    0x20, 0x00, 0x00, 0x00, 0x00, 0x5F, 0xF0, 0x00, 0x2F, 0xF5, 0x00, 0x00, 0x00, 0x00, 0x05, 0xFF,
    0x00, 0x00, 0xDF, 0xA0, 0x00, 0x00, 0x00, 0x00, 0x5F, 0xF0, 0x00, 0x08, 0xFF, 0x40, 0x00, 0x00,
    0x00, 0x05, 0xFF, 0x00, 0x00, 0x1D, 0xFD, 0x30, 0x00, 0x00, 0x00, 0x5F, 0xF0, 0x00, 0x00, 0x3E,
    0xFE, 0x93, 0x00, 0x00, 0x18, 0xFF, 0x00, 0x00, 0x00, 0x2C, 0xFF, 0xFF, 0xED, 0xEF, 0xFF, 0xF0,
    0x00, 0x00, 0x00, 0x05, 0x9D, 0xEF, 0xFE, 0xCA, 0x73, 0x00, 0x00, 0x7F, 0xD0, 0x00, 0x00, 0x00,
    0x00, 0x9F, 0xB0, 0x00, 0x07, 0xFD, 0x00, 0x00, 0x00, 0x00, 0x09, 0xFB, 0x00, 0x00, 0x7F, 0xD0,
    0x00, 0x00, 0x00, 0x00, 0x9F, 0xB0, 0x00, 0x07, 0xFD, 0x00, 0x00, 0x00, 0x00, 0x09, 0xFB, 0x00,
    0x00, 0x7F, 0xD0, 0x00, 0x00, 0x00, 0x00, 0x9F, 0xB0, 0x00, 0x07, 0xFD, 0x00, 0x00, 0x00, 0x00,
    0x09, 0xFB, 0x00, 0x00, 0x7F, 0xD0, 0x00, 0x00, 0x00, 0x00, 0x9F, 0xB0, 0x00, 0x07, 0xFF, 0xDD,
    0xDD, 0xDD, 0xDD, 0xDE, 0xFB, 0x00, 0x00, 0x7F, 0xFF, 0xFF, 0xFF, 0xFF, 0xFF, 0xFF, 0xB0, 0x00,
    0x07, 0xFD, 0x00, 0x00, 0x00, 0x00, 0x09, 0xFB, 0x00, 0x00, 0x7F, 0xD0, 0x00, 0x00, 0x00, 0x00,
    0x9F, 0xB0, 0x00, 0x07, 0xFD, 0x00, 0x00, 0x00, 0x00, 0x09, 0xFB, 0x00, 0x00, 0x7F, 0xD0, 0x00,
    0x00, 0x00, 0x00, 0x9F, 0xB0, 0x00, 0x07, 0xFD, 0x00, 0x00, 0x00, 0x00, 0x09, 0xFB, 0x00, 0x00,
    0x7F, 0xD0, 0x00, 0x00, 0x00, 0x00, 0x9F, 0xB0, 0x00, 0x07, 0xFD, 0x00, 0x00, 0x00, 0x00, 0x09,
    0xFB, 0x00, 0x00, 0x7F, 0xD0, 0x00, 0x00, 0x00, 0x00, 0x9F, 0xB0, 0x00, 0x07, 0xFD, 0x00, 0x00,
    0x00, 0x00, 0x09, 0xFB, 0x00, 0x0E, 0xFF, 0xFF, 0xFB, 0x00, 0x9D, 0xFF, 0xFD, 0x70, 0x00, 0x0C,
    0xF9, 0x00, 0x00, 0x00, 0xCF, 0x80, 0x00, 0x00, 0x0C, 0xF8, 0x00, 0x00, 0x00, 0xCF, 0x80, 0x00,
    0x00, 0x0C, 0xF8, 0x00, 0x00, 0x00, 0xCF, 0x80, 0x00, 0x00, 0x0C, 0xF8, 0x00, 0x00, 0x00, 0xCF,
    0x80, 0x00, 0x00, 0x0C, 0xF8, 0x00, 0x00, 0x00, 0xCF, 0x80, 0x00, 0x00, 0x0C, 0xF8, 0x00, 0x00,
    0x00, 0xCF, 0x80, 0x00, 0x00, 0x0C, 0xF8, 0x00, 0x00, 0x00, 0xCF, 0x80, 0x00, 0x06, 0x9E, 0xFD,
    0x84, 0x00, 0xEF, 0xFF, 0xFF, 0xB0, 0x00, 0x00, 0x09, 0xFB, 0x00, 0x00, 0x00, 0x09, 0xFB, 0x00,
    0x00, 0x00, 0x09, 0xFB, 0x00, 0x00, 0x00, 0x09, 0xFB, 0x00, 0x00, 0x00, 0x09, 0xFB, 0x00, 0x00,
    0x00, 0x09, 0xFB, 0x00, 0x00, 0x00, 0x09, 0xFB, 0x00, 0x00, 0x00, 0x09, 0xFB, 0x00, 0x00, 0x00,
    0x09, 0xFB, 0x00, 0x00, 0x00, 0x09, 0xFB, 0x00, 0x00, 0x00, 0x09, 0xFB, 0x00, 0x00, 0x00, 0x09,
    0xFB, 0x00, 0x00, 0x00, 0x09, 0xFB, 0x00, 0x00, 0x00, 0x09, 0xFB, 0x00, 0x00, 0x00, 0x09, 0xFB,
    0x00, 0x00, 0x00, 0x09, 0xFB, 0x00, 0x00, 0x00, 0x09, 0xFB, 0x00, 0x00, 0x00, 0x09, 0xFB, 0x00,
    0x00, 0x00, 0x0A, 0xFA, 0x00, 0x00, 0x00, 0x0C, 0xF8, 0x00, 0x00, 0x00, 0x7F, 0xF4, 0x00, 0x00,
    0x0F, 0xFF, 0x90, 0x00, 0x00, 0x0E, 0xC6, 0x00, 0x00, 0x00, 0x7F, 0xD0, 0x00, 0x00, 0x00, 0x6F,
    0xF5, 0x00, 0x07, 0xFD, 0x00, 0x00, 0x00, 0x4F, 0xF6, 0x00, 0x00, 0x7F, 0xD0, 0x00, 0x00, 0x3E,
    0xF8, 0x00, 0x00, 0x07, 0xFD, 0x00, 0x00, 0x2E, 0xF9, 0x00, 0x00, 0x00, 0x7F, 0xD0, 0x00, 0x2D,
    0xFA, 0x00, 0x00, 0x00, 0x07, 0xFD, 0x00, 0x1D, 0xFB, 0x00, 0x00, 0x00, 0x00, 0x7F, 0xD0, 0x1C,
    0xFC, 0x10, 0x00, 0x00, 0x00, 0x07, 0xFD, 0x0B, 0xFC, 0x10, 0x00, 0x00, 0x00, 0x00, 0x7F, 0xDA,
    0xFF, 0xC0, 0x00, 0x00, 0x00, 0x00, 0x07, 0xFF, 0xFC, 0xFF, 0x90, 0x00, 0x00, 0x00, 0x00, 0x7F,
    0xF9, 0x07, 0xFF, 0x60, 0x00, 0x00, 0x00, 0x07, 0xFD, 0x00, 0x0B, 0xFE, 0x30, 0x00, 0x00, 0x00,
    0x7F, 0xD0, 0x00, 0x1D, 0xFD, 0x10, 0x00, 0x00, 0x07, 0xFD, 0x00, 0x00, 0x3E, 0xFA, 0x00, 0x00,
    0x00, 0x7F, 0xD0, 0x00, 0x00, 0x6F, 0xF6, 0x00, 0x00, 0x07, 0xFD, 0x00, 0x00, 0x00, 0x9F, 0xF3,
    0x00, 0x00, 0x7F, 0xD0, 0x00, 0x00, 0x00, 0xCF, 0xD1, 0x00, 0x07, 0xFD, 0x00, 0x00, 0x00, 0x02,
    0xEF, 0xB0, 0x00, 0x7F, 0xD0, 0x00, 0x00, 0x00, 0x00, 0x00, 0x7F, 0xD0, 0x00, 0x00, 0x00, 0x00,
    0x00, 0x7F, 0xD0, 0x00, 0x00, 0x00, 0x00, 0x00, 0x7F, 0xD0, 0x00, 0x00, 0x00, 0x00, 0x00, 0x7F,
    0xD0, 0x00, 0x00, 0x00, 0x00, 0x00, 0x7F, 0xD0, 0x00, 0x00, 0x00, 0x00, 0x00, 0x7F, 0xD0, 0x00,
    0x00, 0x00, 0x00, 0x00, 0x7F, 0xD0, 0x00, 0x00, 0x00, 0x00, 0x00, 0x7F, 0xD0, 0x00, 0x00, 0x00,
    0x00, 0x00, 0x7F, 0xD0, 0x00, 0x00, 0x00, 0x00, 0x00, 0x7F, 0xD0, 0x00, 0x00, 0x00, 0x00, 0x00,
    0x7F, 0xD0, 0x00, 0x00, 0x00, 0x00, 0x00, 0x7F, 0xD0, 0x00, 0x00, 0x00, 0x00, 0x00, 0x7F, 0xD0,
    0x00, 0x00, 0x00, 0x00, 0x00, 0x7F, 0xD0, 0x00, 0x00, 0x00, 0x00, 0x00, 0x7F, 0xD1, 0x11, 0x11,
    0x11, 0x10, 0x00, 0x7F, 0xFF, 0xFF, 0xFF, 0xFF, 0xF0, 0x00, 0x7F, 0xFF, 0xFF, 0xFF, 0xFF, 0xF0,
    0x00, 0x7F, 0xFF, 0x30, 0x00, 0x00, 0x00, 0x00, 0x09, 0xFF, 0xF1, 0x00, 0x00, 0x7F, 0xFF, 0x80,
    0x00, 0x00, 0x00, 0x00, 0x0E, 0xFF, 0xF1, 0x00, 0x00, 0x7F, 0xDF, 0xE0, 0x00, 0x00, 0x00, 0x00,
    0x5F, 0xEF, 0xF1, 0x00, 0x00, 0x7F, 0x9E, 0xF5, 0x00, 0x00, 0x00, 0x00, 0xBF, 0x8F, 0xF1, 0x00,
    0x00, 0x7F, 0x99, 0xFB, 0x00, 0x00, 0x00, 0x02, 0xFE, 0x4F, 0xF1, 0x00, 0x00, 0x7F, 0xA3, 0xFF,
    0x20, 0x00, 0x00, 0x08, 0xF9, 0x3F, 0xF1, 0x00, 0x00, 0x7F, 0xA0, 0xCF, 0x70, 0x00, 0x00, 0x0E,
    0xF3, 0x4F, 0xF1, 0x00, 0x00, 0x7F, 0xA0, 0x6F, 0xD0, 0x00, 0x00, 0x5F, 0xC0, 0x4F, 0xF1, 0x00,
    0x00, 0x7F, 0xA0, 0x1E, 0xF4, 0x00, 0x00, 0xBF, 0x60, 0x4F, 0xF1, 0x00, 0x00, 0x7F, 0xA0, 0x09,
    0xFA, 0x00, 0x02, 0xFE, 0x10, 0x4F, 0xF1, 0x00, 0x00, 0x7F, 0xA0, 0x03, 0xFF, 0x10, 0x08, 0xF9,
    0x00, 0x4F, 0xF1, 0x00, 0x00, 0x7F, 0xA0, 0x00, 0xDF, 0x60, 0x0D, 0xF3, 0x00, 0x4F, 0xF1, 0x00,
    0x00, 0x7F, 0xA0, 0x00, 0x7F, 0xC0, 0x4F, 0xC0, 0x00, 0x4F, 0xF1, 0x00, 0x00, 0x7F, 0xA0, 0x00,
    0x1F, 0xF3, 0xAF, 0x60, 0x00, 0x4F, 0xF1, 0x00, 0x00, 0x7F, 0xA0, 0x00, 0x0A, 0xFA, 0xFF, 0x10,
    0x00, 0x4F, 0xF1, 0x00, 0x00, 0x7F, 0xA0, 0x00, 0x04, 0xFF, 0xFA, 0x00, 0x00, 0x4F, 0xF1, 0x00,
    0x00, 0x7F, 0xA0, 0x00, 0x00, 0xDF, 0xF4, 0x00, 0x00, 0x4F, 0xF1, 0x00, 0x00, 0x7F, 0xA0, 0x00,
    0x00, 0x7F, 0xD0, 0x00, 0x00, 0x4F, 0xF1, 0x00, 0x00, 0x7F, 0xF8, 0x00, 0x00, 0x00, 0x00, 0x0E,
    0xF4, 0x00, 0x00, 0x7F, 0xFF, 0x30, 0x00, 0x00, 0x00, 0x0E, 0xF4, 0x00, 0x00, 0x7F, 0xFF, 0xC0,
    0x00, 0x00, 0x00, 0x0E, 0xF4, 0x00, 0x00, 0x7F, 0xBF, 0xF7, 0x00, 0x00, 0x00, 0x0E, 0xF4, 0x00,
    0x00, 0x7F, 0x89, 0xFF, 0x20, 0x00, 0x00, 0x0E, 0xF4, 0x00, 0x00, 0x7F, 0x91, 0xDF, 0xB0, 0x00,
    0x00, 0x0E, 0xF4, 0x00, 0x00, 0x7F, 0xA0, 0x4F, 0xF6, 0x00, 0x00, 0x0E, 0xF4, 0x00, 0x00, 0x7F,
    0xA0, 0x09, 0xFE, 0x20, 0x00, 0x0E, 0xF4, 0x00, 0x00, 0x7F, 0xA0, 0x01, 0xDF, 0xA0, 0x00, 0x0E,
    0xF4, 0x00, 0x00, 0x7F, 0xA0, 0x00, 0x3F, 0xF5, 0x00, 0x0E, 0xF4, 0x00, 0x00, 0x7F, 0xA0, 0x00,
    0x08, 0xFE, 0x10, 0x0E, 0xF4, 0x00, 0x00, 0x7F, 0xA0, 0x00, 0x00, 0xDF, 0xA0, 0x0E, 0xF4, 0x00,
    0x00, 0x7F, 0xA0, 0x00, 0x00, 0x3F, 0xF4, 0x0E, 0xF4, 0x00, 0x00, 0x7F, 0xA0, 0x00, 0x00, 0x08,
    0xFD, 0x1D, 0xF4, 0x00, 0x00, 0x7F, 0xA0, 0x00, 0x00, 0x00, 0xCF, 0x9C, 0xF4, 0x00, 0x00, 0x7F,
    0xA0, 0x00, 0x00, 0x00, 0x3F, 0xFE, 0xF4, 0x00, 0x00, 0x7F, 0xA0, 0x00, 0x00, 0x00, 0x07, 0xFF,
    0xF4, 0x00, 0x00, 0x7F, 0xA0, 0x00, 0x00, 0x00, 0x00, 0xCF, 0xF4, 0x00, 0x00, 0x00, 0x00, 0x6A,
    0xDE, 0xFE, 0xB7, 0x10, 0x00, 0x00, 0x00, 0x00, 0x3D, 0xFF, 0xFE, 0xEF, 0xFF, 0xE5, 0x00, 0x00,
    0x00, 0x04, 0xFF, 0xD5, 0x10, 0x00, 0x3A, 0xFF, 0x70, 0x00, 0x00, 0x1E, 0xFC, 0x10, 0x00, 0x00,
    0x00, 0x7F, 0xF4, 0x00, 0x00, 0x8F, 0xE2, 0x00, 0x00, 0x00, 0x00, 0x0B, 0xFC, 0x00, 0x00, 0xDF,
    0x90, 0x00, 0x00, 0x00, 0x00, 0x05, 0xFF, 0x20, 0x02, 0xFF, 0x50, 0x00, 0x00, 0x00, 0x00, 0x00,
    0xFF, 0x70, 0x04, 0xFF, 0x20, 0x00, 0x00, 0x00, 0x00, 0x00, 0xDF, 0x90, 0x05, 0xFF, 0x10, 0x00,
    0x00, 0x00, 0x00, 0x00, 0xCF, 0xA0, 0x05, 0xFF, 0x10, 0x00, 0x00, 0x00, 0x00, 0x00, 0xCF, 0xA0,
    0x04, 0xFF, 0x20, 0x00, 0x00, 0x00, 0x00, 0x00, 0xDF, 0x90, 0x02, 0xFF, 0x50, 0x00, 0x00, 0x00,
    0x00, 0x01, 0xFF, 0x70, 0x00, 0xDF, 0xA0, 0x00, 0x00, 0x00, 0x00, 0x05, 0xFF, 0x20, 0x00, 0x8F,
    0xE2, 0x00, 0x00, 0x00, 0x00, 0x0C, 0xFC, 0x00, 0x00, 0x1E, 0xFC, 0x10, 0x00, 0x00, 0x00, 0x7F,
    0xF3, 0x00, 0x00, 0x04, 0xFF, 0xD5, 0x10, 0x00, 0x3A, 0xFF, 0x70, 0x00, 0x00, 0x00, 0x3D, 0xFF,
    0xFE, 0xEF, 0xFF, 0xE5, 0x00, 0x00, 0x00, 0x00, 0x01, 0x6A, 0xDF, 0xFE, 0xB7, 0x10, 0x00, 0x00,
    0x00, 0x7F, 0xFF, 0xFF, 0xED, 0xA5, 0x00, 0x00, 0x00, 0x7F, 0xFD, 0xDD, 0xEF, 0xFF, 0xB1, 0x00,
    0x00, 0x7F, 0xD0, 0x00, 0x02, 0x8F, 0xFA, 0x00, 0x00, 0x7F, 0xD0, 0x00, 0x00, 0x08, 0xFF, 0x20,
    0x00, 0x7F, 0xD0, 0x00, 0x00, 0x02, 0xFF, 0x50, 0x00, 0x7F, 0xD0, 0x00, 0x00, 0x01, 0xFF, 0x60,
    0x00, 0x7F, 0xD0, 0x00, 0x00, 0x03, 0xFF, 0x40, 0x00, 0x7F, 0xD0, 0x00, 0x00, 0x0A, 0xFD, 0x00,
    0x00, 0x7F, 0xD0, 0x00, 0x25, 0xBF, 0xF5, 0x00, 0x00, 0x7F, 0xFF, 0xFF, 0xFF, 0xFE, 0x50, 0x00,
    0x00, 0x7F, 0xFD, 0xDD, 0xCA, 0x61, 0x00, 0x00, 0x00, 0x7F, 0xD0, 0x00, 0x00, 0x00, 0x00, 0x00,
    0x00, 0x7F, 0xD0, 0x00, 0x00, 0x00, 0x00, 0x00, 0x00, 0x7F, 0xD0, 0x00, 0x00, 0x00, 0x00, 0x00,
    0x00, 0x7F, 0xD0, 0x00, 0x00, 0x00, 0x00, 0x00, 0x00, 0x7F, 0xD0, 0x00, 0x00, 0x00, 0x00, 0x00,
    0x00, 0x7F, 0xD0, 0x00, 0x00, 0x00, 0x00, 0x00, 0x00, 0x7F, 0xD0, 0x00, 0x00, 0x00, 0x00, 0x00,
    0x00, 0x00, 0x00, 0x6A, 0xDE, 0xFE, 0xB7, 0x10, 0x00, 0x00, 0x00, 0x00, 0x3D, 0xFF, 0xFE, 0xEF,
    0xFF, 0xE5, 0x00, 0x00, 0x00, 0x04, 0xFF, 0xD5, 0x10, 0x00, 0x3A, 0xFF, 0x70, 0x00, 0x00, 0x1E,
    0xFC, 0x10, 0x00, 0x00, 0x00, 0x7F, 0xF3, 0x00, 0x00, 0x8F, 0xE2, 0x00, 0x00, 0x00, 0x00, 0x0B,
    0xFC, 0x00, 0x00, 0xDF, 0x90, 0x00, 0x00, 0x00, 0x00, 0x05, 0xFF, 0x20, 0x02, 0xFF, 0x50, 0x00,
    0x00, 0x00, 0x00, 0x00, 0xFF, 0x70, 0x04, 0xFF, 0x20, 0x00, 0x00, 0x00, 0x00, 0x00, 0xDF, 0x90,
    0x05, 0xFF, 0x10, 0x00, 0x00, 0x00, 0x00, 0x00, 0xCF, 0xA0, 0x05, 0xFF, 0x10, 0x00, 0x00, 0x00,
    0x00, 0x00, 0xCF, 0xA0, 0x04, 0xFF, 0x20, 0x00, 0x00, 0x00, 0x00, 0x00, 0xDF, 0x90, 0x02, 0xFF,
    0x50, 0x00, 0x00, 0x00, 0x00, 0x01, 0xFF, 0x70, 0x00, 0xDF, 0xA0, 0x00, 0x00, 0x00, 0x00, 0x05,
    0xFF, 0x30, 0x00, 0x8F, 0xE2, 0x00, 0x00, 0x00, 0x00, 0x0C, 0xFC, 0x00, 0x00, 0x1E, 0xFC, 0x10,
    0x00, 0x00, 0x00, 0x7F, 0xF5, 0x00, 0x00, 0x04, 0xFF, 0xD5, 0x10, 0x00, 0x3A, 0xFF, 0x80, 0x00,
    0x00, 0x00, 0x3D, 0xFF, 0xFE, 0xEF, 0xFF, 0xF7, 0x00, 0x00, 0x00, 0x00, 0x01, 0x6A, 0xDF, 0xFF,
    0xFB, 0x20, 0x00, 0x00, 0x00, 0x00, 0x00, 0x00, 0x00, 0x0B, 0xFE, 0x40, 0x00, 0x00, 0x00, 0x00,
    0x00, 0x00, 0x00, 0x01, 0xCF, 0xF4, 0x00, 0x00, 0x00, 0x00, 0x00, 0x00, 0x00, 0x00, 0x1D, 0xFF,
    0x40, 0x00, 0x00, 0x00, 0x00, 0x00, 0x00, 0x00, 0x02, 0xDF, 0xE4, 0x00, 0x00, 0x7F, 0xFF, 0xFF,
    0xED, 0xB6, 0x10, 0x00, 0x00, 0x7F, 0xFD, 0xDD, 0xEF, 0xFF, 0xD2, 0x00, 0x00, 0x7F, 0xD0, 0x00,
    0x01, 0x6E, 0xFD, 0x00, 0x00, 0x7F, 0xD0, 0x00, 0x00, 0x05, 0xFF, 0x30, 0x00, 0x7F, 0xD0, 0x00,
    0x00, 0x01, 0xFF, 0x60, 0x00, 0x7F, 0xD0, 0x00, 0x00, 0x01, 0xFF, 0x50, 0x00, 0x7F, 0xD0, 0x00,
    0x00, 0x06, 0xFF, 0x20, 0x00, 0x7F, 0xD0, 0x00, 0x01, 0x7F, 0xF8, 0x00, 0x00, 0x7F, 0xFD, 0xDD,
    0xEF, 0xFE, 0x70, 0x00, 0x00, 0x7F, 0xFF, 0xFF, 0xFF, 0xD1, 0x00, 0x00, 0x00, 0x7F, 0xD0, 0x00,
    0x3F, 0xF5, 0x00, 0x00, 0x00, 0x7F, 0xD0, 0x00, 0x09, 0xFD, 0x10, 0x00, 0x00, 0x7F, 0xD0, 0x00,
    0x01, 0xEF, 0x80, 0x00, 0x00, 0x7F, 0xD0, 0x00, 0x00, 0x7F, 0xF2, 0x00, 0x00, 0x7F, 0xD0, 0x00,
    0x00, 0x1D, 0xFB, 0x00, 0x00, 0x7F, 0xD0, 0x00, 0x00, 0x05, 0xFF, 0x50, 0x00, 0x7F, 0xD0, 0x00,
    0x00, 0x00, 0xCF, 0xD0, 0x00, 0x7F, 0xD0, 0x00, 0x00, 0x00, 0x4F, 0xF7, 0x00, 0x01, 0x7B, 0xEF,
    0xED, 0xA6, 0x10, 0x00, 0x3E, 0xFF, 0xFD, 0xEF, 0xFF, 0x60, 0x00, 0xDF, 0xD4, 0x00, 0x02, 0x7C,
    0x10, 0x04, 0xFF, 0x20, 0x00, 0x00, 0x00, 0x00, 0x06, 0xFE, 0x00, 0x00, 0x00, 0x00, 0x00, 0x05,
    0xFF, 0x20, 0x00, 0x00, 0x00, 0x00, 0x01, 0xEF, 0xC2, 0x00, 0x00, 0x00, 0x00, 0x00, 0x6F, 0xFF,
    0x93, 0x00, 0x00, 0x00, 0x00, 0x04, 0xDF, 0xFF, 0xC6, 0x00, 0x00, 0x00, 0x00, 0x05, 0xBF, 0xFF,
    0xD4, 0x00, 0x00, 0x00, 0x00, 0x02, 0x8E, 0xFF, 0x40, 0x00, 0x00, 0x00, 0x00, 0x02, 0xDF, 0xB0,
    0x00, 0x00, 0x00, 0x00, 0x00, 0x6F, 0xF0, 0x00, 0x00, 0x00, 0x00, 0x00, 0x5F, 0xF0, 0x00, 0x00,
    0x00, 0x00, 0x00, 0x9F, 0xC0, 0x08, 0x84, 0x10, 0x00, 0x29, 0xFF, 0x50, 0x0A, 0xFF, 0xFE, 0xDE,
    0xFF, 0xF7, 0x00, 0x03, 0x8B, 0xDE, 0xFE, 0xC8, 0x20, 0x00, 0xBF, 0xFF, 0xFF, 0xFF, 0xFF, 0xFF,
    0xFF, 0x3A, 0xDD, 0xDD, 0xDF, 0xFE, 0xDD, 0xDD, 0xD2, 0x00, 0x00, 0x00, 0xEF, 0x60, 0x00, 0x00,
    0x00, 0x00, 0x00, 0x0E, 0xF6, 0x00, 0x00, 0x00, 0x00, 0x00, 0x00, 0xEF, 0x60, 0x00, 0x00, 0x00,
    0x00, 0x00, 0x0E, 0xF6, 0x00, 0x00, 0x00, 0x00, 0x00, 0x00, 0xEF, 0x60, 0x00, 0x00, 0x00, 0x00,
    0x00, 0x0E, 0xF6, 0x00, 0x00, 0x00, 0x00, 0x00, 0x00, 0xEF, 0x60, 0x00, 0x00, 0x00, 0x00, 0x00,
    0x0E, 0xF6, 0x00, 0x00, 0x00, 0x00, 0x00, 0x00, 0xEF, 0x60, 0x00, 0x00, 0x00, 0x00, 0x00, 0x0E,
    0xF6, 0x00, 0x00, 0x00, 0x00, 0x00, 0x00, 0xEF, 0x60, 0x00, 0x00, 0x00, 0x00, 0x00, 0x0E, 0xF6,
    0x00, 0x00, 0x00, 0x00, 0x00, 0x00, 0xEF, 0x60, 0x00, 0x00, 0x00, 0x00, 0x00, 0x0E, 0xF6, 0x00,
    0x00, 0x00, 0x00, 0x00, 0x00, 0xEF, 0x60, 0x00, 0x00, 0x00, 0x00, 0x00, 0x0E, 0xF6, 0x00, 0x00,
    0x00, 0x00, 0xAF, 0xA0, 0x00, 0x00, 0x00, 0x00, 0xAF, 0xA0, 0x00, 0x0A, 0xFA, 0x00, 0x00, 0x00,
    0x00, 0x0A, 0xFA, 0x00, 0x00, 0xAF, 0xA0, 0x00, 0x00, 0x00, 0x00, 0xAF, 0xA0, 0x00, 0x0A, 0xFA,
    0x00, 0x00, 0x00, 0x00, 0x0A, 0xFA, 0x00, 0x00, 0xAF, 0xA0, 0x00, 0x00, 0x00, 0x00, 0xAF, 0xA0,
    0x00, 0x0A, 0xFA, 0x00, 0x00, 0x00, 0x00, 0x0A, 0xFA, 0x00, 0x00, 0xAF, 0xA0, 0x00, 0x00, 0x00,
    0x00, 0xAF, 0xA0, 0x00, 0x0A, 0xFA, 0x00, 0x00, 0x00, 0x00, 0x0A, 0xFA, 0x00, 0x00, 0xAF, 0xA0,
    0x00, 0x00, 0x00, 0x00, 0xAF, 0xA0, 0x00, 0x0A, 0xFA, 0x00, 0x00, 0x00, 0x00, 0x0A, 0xFA, 0x00,
    0x00, 0xAF, 0xA0, 0x00, 0x00, 0x00, 0x00, 0xAF, 0xA0, 0x00, 0x0A, 0xFA, 0x00, 0x00, 0x00, 0x00,
    0x0A, 0xF9, 0x00, 0x00, 0x9F, 0xC0, 0x00, 0x00, 0x00, 0x00, 0xCF, 0x80, 0x00, 0x06, 0xFE, 0x10,
    0x00, 0x00, 0x00, 0x1F, 0xF5, 0x00, 0x00, 0x1E, 0xF8, 0x00, 0x00, 0x00, 0x09, 0xFE, 0x00, 0x00,
    0x00, 0x6F, 0xF9, 0x20, 0x00, 0x29, 0xFF, 0x50, 0x00, 0x00, 0x00, 0x7F, 0xFF, 0xED, 0xEF, 0xFE,
    0x60, 0x00, 0x00, 0x00, 0x00, 0x29, 0xCE, 0xFE, 0xC7, 0x20, 0x00, 0x00, 0xCF, 0x90, 0x00, 0x00,
    0x00, 0x00, 0x1F, 0xF6, 0x7F, 0xE1, 0x00, 0x00, 0x00, 0x00, 0x6F, 0xF1, 0x1F, 0xF5, 0x00, 0x00,
    0x00, 0x00, 0xCF, 0xA0, 0x0B, 0xFB, 0x00, 0x00, 0x00, 0x02, 0xFF, 0x50, 0x05, 0xFF, 0x10, 0x00,
    0x00, 0x08, 0xFE, 0x00, 0x00, 0xEF, 0x60, 0x00, 0x00, 0x0D, 0xF9, 0x00, 0x00, 0x9F, 0xC0, 0x00,
    0x00, 0x3F, 0xF3, 0x00, 0x00, 0x4F, 0xF2, 0x00, 0x00, 0x9F, 0xD0, 0x00, 0x00, 0x0D, 0xF8, 0x00,
    0x00, 0xEF, 0x70, 0x00, 0x00, 0x08, 0xFD, 0x00, 0x05, 0xFF, 0x20, 0x00, 0x00, 0x02, 0xFF, 0x30,
    0x0A, 0xFB, 0x00, 0x00, 0x00, 0x00, 0xCF, 0x90, 0x1F, 0xF5, 0x00, 0x00, 0x00, 0x00, 0x6F, 0xE0,
    0x5F, 0xE1, 0x00, 0x00, 0x00, 0x00, 0x1F, 0xF4, 0xAF, 0x90, 0x00, 0x00, 0x00, 0x00, 0x0A, 0xF8,
    0xEF, 0x40, 0x00, 0x00, 0x00, 0x00, 0x04, 0xFE, 0xFD, 0x00, 0x00, 0x00, 0x00, 0x00, 0x00, 0xEF,
    0xF8, 0x00, 0x00, 0x00, 0x00, 0x00, 0x00, 0x8F, 0xF2, 0x00, 0x00, 0x00, 0x8F, 0xD0, 0x00, 0x00,
    0x00, 0x5F, 0xF5, 0x00, 0x00, 0x00, 0x0B, 0xFB, 0x4F, 0xF2, 0x00, 0x00, 0x00, 0xAF, 0xFA, 0x00,
    0x00, 0x00, 0x0F, 0xF6, 0x1F, 0xF6, 0x00, 0x00, 0x00, 0xEF, 0xFE, 0x00, 0x00, 0x00, 0x4F, 0xF2,
    0x0B, 0xFA, 0x00, 0x00, 0x04, 0xFD, 0xDF, 0x40, 0x00, 0x00, 0x8F, 0xD0, 0x07, 0xFE, 0x00, 0x00,
    0x08, 0xFA, 0x9F, 0x90, 0x00, 0x00, 0xCF, 0x90, 0x03, 0xFF, 0x30, 0x00, 0x0D, 0xF5, 0x5F, 0xE0,
    0x00, 0x01, 0xFF, 0x50, 0x00, 0xEF, 0x70, 0x00, 0x2F, 0xF1, 0x1F, 0xF3, 0x00, 0x05, 0xFF, 0x10,
    0x00, 0xAF, 0xB0, 0x00, 0x7F, 0xC0, 0x0B, 0xF8, 0x00, 0x08, 0xFC, 0x00, 0x00, 0x6F, 0xE0, 0x00,
    0xCF, 0x70, 0x06, 0xFD, 0x00, 0x0C, 0xF8, 0x00, 0x00, 0x2F, 0xF4, 0x01, 0xFF, 0x30, 0x02, 0xFF,
    0x20, 0x1F, 0xF4, 0x00, 0x00, 0x0C, 0xF8, 0x06, 0xFD, 0x00, 0x00, 0xCF, 0x70, 0x5F, 0xE0, 0x00,
    0x00, 0x08, 0xFB, 0x0A, 0xF9, 0x00, 0x00, 0x7F, 0xB0, 0x9F, 0xA0, 0x00, 0x00, 0x04, 0xFF, 0x0E,
    0xF4, 0x00, 0x00, 0x3F, 0xF1, 0xCF, 0x60, 0x00, 0x00, 0x01, 0xFF, 0x5F, 0xE0, 0x00, 0x00, 0x0D,
    0xF5, 0xFF, 0x20, 0x00, 0x00, 0x00, 0xBF, 0xBF, 0xA0, 0x00, 0x00, 0x08, 0xFB, 0xFD, 0x00, 0x00,
    0x00, 0x00, 0x7F, 0xFF, 0x50, 0x00, 0x00, 0x04, 0xFF, 0xF9, 0x00, 0x00, 0x00, 0x00, 0x3F, 0xFF,
    0x10, 0x00, 0x00, 0x00, 0xEF, 0xF5, 0x00, 0x00, 0x00, 0x00, 0x0E, 0xFB, 0x00, 0x00, 0x00, 0x00,
    0x9F, 0xF1, 0x00, 0x00, 0x3F, 0xF6, 0x00, 0x00, 0x00, 0x02, 0xEF, 0x50, 0x08, 0xFE, 0x10, 0x00,
    0x00, 0x0B, 0xFA, 0x00, 0x00, 0xCF, 0xA0, 0x00, 0x00, 0x6F, 0xE1, 0x00, 0x00, 0x3F, 0xF4, 0x00,
    0x01, 0xEF, 0x60, 0x00, 0x00, 0x08, 0xFD, 0x10, 0x0A, 0xFB, 0x00, 0x00, 0x00, 0x00, 0xDF, 0x80,
    0x4F, 0xE2, 0x00, 0x00, 0x00, 0x00, 0x3F, 0xF4, 0xDF, 0x60, 0x00, 0x00, 0x00, 0x00, 0x08, 0xFF,
    0xFB, 0x00, 0x00, 0x00, 0x00, 0x00, 0x01, 0xEF, 0xF2, 0x00, 0x00, 0x00, 0x00, 0x00, 0x04, 0xFF,
    0xF7, 0x00, 0x00, 0x00, 0x00, 0x00, 0x1D, 0xFA, 0xFF, 0x20, 0x00, 0x00, 0x00, 0x00, 0x9F, 0xC0,
    0xAF, 0xC0, 0x00, 0x00, 0x00, 0x04, 0xFF, 0x20, 0x1E, 0xF7, 0x00, 0x00, 0x00, 0x1D, 0xF7, 0x00,
    0x06, 0xFF, 0x20, 0x00, 0x00, 0x8F, 0xC0, 0x00, 0x00, 0xBF, 0xC0, 0x00, 0x04, 0xFF, 0x30, 0x00,
    0x00, 0x2F, 0xF7, 0x00, 0x1D, 0xF8, 0x00, 0x00, 0x00, 0x07, 0xFF, 0x20, 0x8F, 0xD1, 0x00, 0x00,
    0x00, 0x00, 0xCF, 0xC0, 0xBF, 0xC0, 0x00, 0x00, 0x00, 0x02, 0xFF, 0x73, 0xFF, 0x50, 0x00, 0x00,
    0x00, 0x9F, 0xD0, 0x09, 0xFD, 0x00, 0x00, 0x00, 0x2F, 0xF5, 0x00, 0x2E, 0xF6, 0x00, 0x00, 0x0A,
    0xFC, 0x00, 0x00, 0x8F, 0xD0, 0x00, 0x03, 0xFF, 0x30, 0x00, 0x01, 0xEF, 0x70, 0x00, 0xBF, 0xA0,
    0x00, 0x00, 0x06, 0xFE, 0x10, 0x4F, 0xF2, 0x00, 0x00, 0x00, 0x0D, 0xF8, 0x0C, 0xF8, 0x00, 0x00,
    0x00, 0x00, 0x5F, 0xE6, 0xFE, 0x10, 0x00, 0x00, 0x00, 0x00, 0xBF, 0xFF, 0x60, 0x00, 0x00, 0x00,
    0x00, 0x03, 0xFF, 0xD0, 0x00, 0x00, 0x00, 0x00, 0x00, 0x0C, 0xF8, 0x00, 0x00, 0x00, 0x00, 0x00,
    0x00, 0xCF, 0x80, 0x00, 0x00, 0x00, 0x00, 0x00, 0x0C, 0xF8, 0x00, 0x00, 0x00, 0x00, 0x00, 0x00,
    0xCF, 0x80, 0x00, 0x00, 0x00, 0x00, 0x00, 0x0C, 0xF8, 0x00, 0x00, 0x00, 0x00, 0x00, 0x00, 0xCF,
    0x80, 0x00, 0x00, 0x00, 0x00, 0x00, 0x0C, 0xF8, 0x00, 0x00, 0x00, 0x0B, 0xFF, 0xFF, 0xFF, 0xFF,
    0xFF, 0xF9, 0x00, 0x9D, 0xDD, 0xDD, 0xDD, 0xDE, 0xFF, 0x80, 0x00, 0x00, 0x00, 0x00, 0x00, 0xAF,
    0xE1, 0x00, 0x00, 0x00, 0x00, 0x00, 0x5F, 0xF5, 0x00, 0x00, 0x00, 0x00, 0x00, 0x1E, 0xFA, 0x00,
    0x00, 0x00, 0x00, 0x00, 0x0A, 0xFE, 0x10, 0x00, 0x00, 0x00, 0x00, 0x05, 0xFF, 0x40, 0x00, 0x00,
    0x00, 0x00, 0x01, 0xEF, 0x90, 0x00, 0x00, 0x00, 0x00, 0x00, 0xAF, 0xD1, 0x00, 0x00, 0x00, 0x00,
    0x00, 0x6F, 0xF4, 0x00, 0x00, 0x00, 0x00, 0x00, 0x2E, 0xF9, 0x00, 0x00, 0x00, 0x00, 0x00, 0x0B,
    0xFD, 0x10, 0x00, 0x00, 0x00, 0x00, 0x06, 0xFF, 0x40, 0x00, 0x00, 0x00, 0x00, 0x02, 0xEF, 0x90,
    0x00, 0x00, 0x00, 0x00, 0x00, 0xBF, 0xD1, 0x00, 0x00, 0x00, 0x00, 0x00, 0x6F, 0xF4, 0x00, 0x00,
    0x00, 0x00, 0x00, 0x0E, 0xFF, 0xDD, 0xDD, 0xDD, 0xDD, 0xDB, 0x00, 0xFF, 0xFF, 0xFF, 0xFF, 0xFF,
    0xFF, 0xD0, 0x00, 0xEF, 0xFF, 0xFE, 0x00, 0x0E, 0xFE, 0xDD, 0xC0, 0x00, 0xEF, 0x50, 0x00, 0x00,
    0x0E, 0xF5, 0x00, 0x00, 0x00, 0xEF, 0x50, 0x00, 0x00, 0x0E, 0xF5, 0x00, 0x00, 0x00, 0xEF, 0x50,
    0x00, 0x00, 0x0E, 0xF5, 0x00, 0x00, 0x00, 0xEF, 0x50, 0x00, 0x00, 0x0E, 0xF5, 0x00, 0x00, 0x00,
    0xEF, 0x50, 0x00, 0x00, 0x0E, 0xF5, 0x00, 0x00, 0x00, 0xEF, 0x50, 0x00, 0x00, 0x0E, 0xF5, 0x00,
    0x00, 0x00, 0xEF, 0x50, 0x00, 0x00, 0x0E, 0xF5, 0x00, 0x00, 0x00, 0xEF, 0x50, 0x00, 0x00, 0x0E,
    0xF5, 0x00, 0x00, 0x00, 0xEF, 0x50, 0x00, 0x00, 0x0E, 0xF5, 0x00, 0x00, 0x00, 0xEF, 0xED, 0xDC,
    0x00, 0x0E, 0xFF, 0xFF, 0xE0, 0x8F, 0xA0, 0x00, 0x00, 0x00, 0x2F, 0xF1, 0x00, 0x00, 0x00, 0x0C,
    0xF7, 0x00, 0x00, 0x00, 0x06, 0xFD, 0x00, 0x00, 0x00, 0x01, 0xEF, 0x30, 0x00, 0x00, 0x00, 0x9F,
    0x90, 0x00, 0x00, 0x00, 0x4F, 0xE1, 0x00, 0x00, 0x00, 0x0D, 0xF6, 0x00, 0x00, 0x00, 0x07, 0xFC,
    0x00, 0x00, 0x00, 0x02, 0xFF, 0x20, 0x00, 0x00, 0x00, 0xBF, 0x80, 0x00, 0x00, 0x00, 0x5F, 0xE0,
    0x00, 0x00, 0x00, 0x0E, 0xF5, 0x00, 0x00, 0x00, 0x08, 0xFB, 0x00, 0x00, 0x00, 0x03, 0xFF, 0x10,
    0x00, 0x00, 0x00, 0xCF, 0x70, 0x00, 0x00, 0x00, 0x6F, 0xD0, 0x00, 0x00, 0x00, 0x1E, 0xF4, 0x5F,
    0xFF, 0xFF, 0x70, 0x05, 0xDD, 0xDF, 0xF7, 0x00, 0x00, 0x00, 0xCF, 0x70, 0x00, 0x00, 0x0C, 0xF7,
    0x00, 0x00, 0x00, 0xCF, 0x70, 0x00, 0x00, 0x0C, 0xF7, 0x00, 0x00, 0x00, 0xCF, 0x70, 0x00, 0x00,
    0x0C, 0xF7, 0x00, 0x00, 0x00, 0xCF, 0x70, 0x00, 0x00, 0x0C, 0xF7, 0x00, 0x00, 0x00, 0xCF, 0x70,
    0x00, 0x00, 0x0C, 0xF7, 0x00, 0x00, 0x00, 0xCF, 0x70, 0x00, 0x00, 0x0C, 0xF7, 0x00, 0x00, 0x00,
    0xCF, 0x70, 0x00, 0x00, 0x0C, 0xF7, 0x00, 0x00, 0x00, 0xCF, 0x70, 0x00, 0x00, 0x0C, 0xF7, 0x00,
    0x00, 0x00, 0xCF, 0x70, 0x00, 0x00, 0x0C, 0xF7, 0x00, 0x5D, 0xDD, 0xFF, 0x70, 0x05, 0xFF, 0xFF,
    0xF7, 0x00, 0x00, 0x00, 0x00, 0x57, 0x00, 0x00, 0x00, 0x00, 0x00, 0x00, 0x1E, 0xF5, 0x00, 0x00,
    0x00, 0x00, 0x00, 0x07, 0xFF, 0xD0, 0x00, 0x00, 0x00, 0x00, 0x00, 0xED, 0x8F, 0x60, 0x00, 0x00,
    0x00, 0x00, 0x6F, 0x71, 0xED, 0x00, 0x00, 0x00, 0x00, 0x0D, 0xE1, 0x08, 0xF7, 0x00, 0x00, 0x00,
    0x06, 0xF8, 0x00, 0x1E, 0xE1, 0x00, 0x00, 0x00, 0xDF, 0x20, 0x00, 0x7F, 0x80, 0x00, 0x00, 0x5F,
    0x90, 0x00, 0x01, 0xEE, 0x10, 0x00, 0x0C, 0xF2, 0x00, 0x00, 0x07, 0xF8, 0x00, 0x04, 0xFB, 0x00,
    0x00, 0x00, 0x0D, 0xF2, 0x00, 0xCF, 0x40, 0x00, 0x00, 0x00, 0x6F, 0x90, 0x00, 0x00, 0x00, 0x00,
    0x00, 0x00, 0x00, 0x00, 0x00, 0x00, 0x00, 0x00, 0x00, 0x00, 0x00, 0x00, 0x00, 0x00, 0x00, 0x00,
    0x00, 0x00, 0x00, 0x00, 0x00, 0x00, 0x00, 0x00, 0x00, 0x00, 0x00, 0x00, 0x00, 0x00, 0x00, 0x00,
    0x00, 0x00, 0x00, 0x00, 0x00, 0x00, 0x00, 0x00, 0x00, 0x00, 0x00, 0x00, 0x00, 0x00, 0x00, 0x00,
    0x00, 0x00, 0x00, 0x00, 0x00, 0x00, 0x00, 0x00, 0x00, 0x00, 0x00, 0x00, 0x00, 0x00, 0x0D, 0xDD,
    0xDD, 0xDD, 0xDD, 0xDD, 0x80, 0xFF, 0xFF, 0xFF, 0xFF, 0xFF, 0xF9, 0x0B, 0xFE, 0x20, 0x00, 0x1D,
    0xFA, 0x00, 0x00, 0x2D, 0xF5, 0x00, 0x00, 0x1C, 0xE2, 0x00, 0x00, 0x00, 0x00, 0x00, 0x00, 0x00,
    0x00, 0x00, 0x00, 0x00, 0x00, 0x00, 0x00, 0x00, 0x00, 0x00, 0x00, 0x00, 0x00, 0x00, 0x00, 0x00,
    0x00, 0x00, 0x00, 0x00, 0x00, 0x00, 0x00, 0x00, 0x00, 0x00, 0x00, 0x00, 0x00, 0x00, 0x00, 0x00,
    0x00, 0x00, 0x00, 0x00, 0x00, 0x00, 0x00, 0x00, 0x00, 0x00, 0x00, 0x00, 0x00, 0x00, 0x00, 0x00,
    0x00, 0x00, 0x02, 0x8C, 0xEF, 0xEB, 0x50, 0x00, 0x00, 0x01, 0xFF, 0xFE, 0xEF, 0xFF, 0x90, 0x00,
    0x00, 0x08, 0x62, 0x00, 0x18, 0xFF, 0x20, 0x00, 0x00, 0x00, 0x00, 0x00, 0x0E, 0xF6, 0x00, 0x00,
    0x00, 0x00, 0x00, 0x00, 0xBF, 0x70, 0x00, 0x00, 0x17, 0xAC, 0xDD, 0xDF, 0xF7, 0x00, 0x00, 0x6E,
    0xFF, 0xFF, 0xFF, 0xFF, 0x70, 0x00, 0x3F, 0xFC, 0x52, 0x00, 0x0C, 0xF7, 0x00, 0x09, 0xFD, 0x10,
    0x00, 0x00, 0xCF, 0x70, 0x00, 0xCF, 0xA0, 0x00, 0x00, 0x0E, 0xF7, 0x00, 0x0B, 0xFA, 0x00, 0x00,
    0x06, 0xFF, 0x70, 0x00, 0x7F, 0xF5, 0x00, 0x18, 0xFE, 0xF7, 0x00, 0x01, 0xDF, 0xFE, 0xEF, 0xF8,
    0x7F, 0x70, 0x00, 0x01, 0x9D, 0xFE, 0xB5, 0x04, 0xF7, 0x00, 0x00, 0xCF, 0x80, 0x00, 0x00, 0x00,
    0x00, 0x00, 0x00, 0xCF, 0x80, 0x00, 0x00, 0x00, 0x00, 0x00, 0x00, 0xCF, 0x80, 0x00, 0x00, 0x00,
    0x00, 0x00, 0x00, 0xCF, 0x80, 0x00, 0x00, 0x00, 0x00, 0x00, 0x00, 0xCF, 0x70, 0x00, 0x00, 0x00,
    0x00, 0x00, 0x00, 0xCF, 0x71, 0x8D, 0xEE, 0xB5, 0x00, 0x00, 0x00, 0xCF, 0x8D, 0xFE, 0xDF, 0xFF,
    0xA0, 0x00, 0x00, 0xCF, 0xFD, 0x40, 0x01, 0x7F, 0xF7, 0x00, 0x00, 0xCF, 0xF2, 0x00, 0x00, 0x08,
    0xFE, 0x10, 0x00, 0xCF, 0xC0, 0x00, 0x00, 0x02, 0xFF, 0x40, 0x00, 0xCF, 0x90, 0x00, 0x00, 0x00,
    0xEF, 0x70, 0x00, 0xCF, 0x80, 0x00, 0x00, 0x00, 0xDF, 0x80, 0x00, 0xCF, 0x80, 0x00, 0x00, 0x00,
    0xDF, 0x80, 0x00, 0xCF, 0x90, 0x00, 0x00, 0x00, 0xEF, 0x70, 0x00, 0xCF, 0xC0, 0x00, 0x00, 0x02,
    0xFF, 0x40, 0x00, 0xCF, 0xF3, 0x00, 0x00, 0x09, 0xFE, 0x10, 0x00, 0xCF, 0xFD, 0x40, 0x01, 0x7F,
    0xF7, 0x00, 0x00, 0xCF, 0x5D, 0xFE, 0xDF, 0xFF, 0xA0, 0x00, 0x00, 0xCE, 0x01, 0x8D, 0xFE, 0xB5,
    0x00, 0x00, 0x00, 0x00, 0x39, 0xDE, 0xED, 0xA3, 0x00, 0x07, 0xFF, 0xFE, 0xEF, 0xF5, 0x00, 0x5F,
    0xF9, 0x10, 0x02, 0x70, 0x00, 0xDF, 0x90, 0x00, 0x00, 0x00, 0x04, 0xFF, 0x20, 0x00, 0x00, 0x00,
    0x06, 0xFE, 0x00, 0x00, 0x00, 0x00, 0x08, 0xFC, 0x00, 0x00, 0x00, 0x00, 0x08, 0xFC, 0x00, 0x00,
    0x00, 0x00, 0x07, 0xFE, 0x00, 0x00, 0x00, 0x00, 0x04, 0xFF, 0x20, 0x00, 0x00, 0x00, 0x00, 0xEF,
    0x90, 0x00, 0x00, 0x00, 0x00, 0x6F, 0xF8, 0x10, 0x01, 0x53, 0x00, 0x08, 0xFF, 0xFE, 0xEF, 0xF6,
    0x00, 0x00, 0x49, 0xDF, 0xFD, 0x92, 0x00, 0x00, 0x00, 0x00, 0x00, 0x08, 0xFC, 0x00, 0x00, 0x00,
    0x00, 0x00, 0x00, 0x08, 0xFC, 0x00, 0x00, 0x00, 0x00, 0x00, 0x00, 0x08, 0xFC, 0x00, 0x00, 0x00,
    0x00, 0x00, 0x00, 0x08, 0xFC, 0x00, 0x00, 0x00, 0x00, 0x00, 0x00, 0x08, 0xFC, 0x00, 0x00, 0x00,
    0x5B, 0xEE, 0xD7, 0x17, 0xFC, 0x00, 0x00, 0x0A, 0xFF, 0xFD, 0xEF, 0xC7, 0xFC, 0x00, 0x00, 0x7F,
    0xF8, 0x10, 0x04, 0xDF, 0xFC, 0x00, 0x01, 0xEF, 0xA0, 0x00, 0x00, 0x3F, 0xFC, 0x00, 0x04, 0xFF,
    0x30, 0x00, 0x00, 0x0C, 0xFC, 0x00, 0x07, 0xFE, 0x00, 0x00, 0x00, 0x09, 0xFC, 0x00, 0x08, 0xFD,
    0x00, 0x00, 0x00, 0x08, 0xFC, 0x00, 0x08, 0xFC, 0x00, 0x00, 0x00, 0x07, 0xFC, 0x00, 0x07, 0xFE,
    0x00, 0x00, 0x00, 0x08, 0xFC, 0x00, 0x04, 0xFF, 0x20, 0x00, 0x00, 0x0B, 0xFC, 0x00, 0x01, 0xEF,
    0x80, 0x00, 0x00, 0x2F, 0xFC, 0x00, 0x00, 0x8F, 0xF7, 0x10, 0x04, 0xDF, 0xFC, 0x00, 0x00, 0x0B,
    0xFF, 0xFD, 0xEF, 0xD6, 0xFC, 0x00, 0x00, 0x00, 0x6C, 0xEE, 0xD8, 0x12, 0xFC, 0x00, 0x00, 0x00,
    0x39, 0xDF, 0xEB, 0x50, 0x00, 0x00, 0x00, 0x6F, 0xFF, 0xEF, 0xFF, 0xA0, 0x00, 0x00, 0x4F, 0xF6,
    0x10, 0x06, 0xEF, 0x70, 0x00, 0x0D, 0xF6, 0x00, 0x00, 0x07, 0xFE, 0x00, 0x03, 0xFF, 0x10, 0x00,
    0x00, 0x2F, 0xF3, 0x00, 0x6F, 0xFD, 0xDD, 0xDD, 0xDD, 0xFF, 0x50, 0x08, 0xFF, 0xFF, 0xFF, 0xFF,
    0xFF, 0xF5, 0x00, 0x8F, 0xD0, 0x00, 0x00, 0x00, 0x00, 0x00, 0x06, 0xFE, 0x00, 0x00, 0x00, 0x00,
    0x00, 0x00, 0x3F, 0xF4, 0x00, 0x00, 0x00, 0x00, 0x00, 0x00, 0xDF, 0xC0, 0x00, 0x00, 0x00, 0x00,
    0x00, 0x04, 0xFF, 0xB3, 0x00, 0x02, 0x78, 0x00, 0x00, 0x06, 0xEF, 0xFE, 0xDE, 0xFF, 0xB0, 0x00,
    0x00, 0x02, 0x8C, 0xEF, 0xEC, 0x83, 0x00, 0x00, 0x00, 0x4B, 0xDF, 0xDA, 0x00, 0x00, 0x6F, 0xFF,
    0xEF, 0xB0, 0x00, 0x0E, 0xFB, 0x10, 0x01, 0x00, 0x02, 0xFF, 0x40, 0x00, 0x00, 0x00, 0x3F, 0xF2,
    0x00, 0x00, 0x03, 0x9E, 0xFF, 0xFF, 0xF9, 0x00, 0x8D, 0xDF, 0xFD, 0xDD, 0x80, 0x00, 0x03, 0xFF,
    0x20, 0x00, 0x00, 0x00, 0x3F, 0xF2, 0x00, 0x00, 0x00, 0x03, 0xFF, 0x20, 0x00, 0x00, 0x00, 0x3F,
    0xF2, 0x00, 0x00, 0x00, 0x03, 0xFF, 0x20, 0x00, 0x00, 0x00, 0x3F, 0xF2, 0x00, 0x00, 0x00, 0x03,
    0xFF, 0x20, 0x00, 0x00, 0x00, 0x3F, 0xF2, 0x00, 0x00, 0x00, 0x03, 0xFF, 0x20, 0x00, 0x00, 0x00,
    0x3F, 0xF2, 0x00, 0x00, 0x00, 0x03, 0xFF, 0x20, 0x00, 0x00, 0x00, 0x3F, 0xF2, 0x00, 0x00, 0x00,
    0x00, 0x00, 0x5B, 0xEE, 0xC7, 0x12, 0xFC, 0x00, 0x00, 0x09, 0xFF, 0xFD, 0xFF, 0xD5, 0xFC, 0x00,
    0x00, 0x6F, 0xF8, 0x10, 0x04, 0xDF, 0xFC, 0x00, 0x00, 0xEF, 0x90, 0x00, 0x00, 0x3F, 0xFC, 0x00,
    0x04, 0xFF, 0x20, 0x00, 0x00, 0x0B, 0xFC, 0x00, 0x07, 0xFE, 0x00, 0x00, 0x00, 0x08, 0xFC, 0x00,
    0x08, 0xFC, 0x00, 0x00, 0x00, 0x07, 0xFC, 0x00, 0x08, 0xFC, 0x00, 0x00, 0x00, 0x07, 0xFC, 0x00,
    0x07, 0xFE, 0x00, 0x00, 0x00, 0x08, 0xFC, 0x00, 0x04, 0xFF, 0x20, 0x00, 0x00, 0x0A, 0xFC, 0x00,
    0x01, 0xEF, 0x80, 0x00, 0x00, 0x2F, 0xFC, 0x00, 0x00, 0x7F, 0xF7, 0x10, 0x04, 0xCF, 0xFC, 0x00,
    0x00, 0x0A, 0xFF, 0xFD, 0xEF, 0xD8, 0xFC, 0x00, 0x00, 0x00, 0x6C, 0xEF, 0xD8, 0x17, 0xFC, 0x00,
    0x00, 0x00, 0x00, 0x00, 0x00, 0x08, 0xFB, 0x00, 0x00, 0x00, 0x00, 0x00, 0x00, 0x0A, 0xFA, 0x00,
    0x00, 0x00, 0x00, 0x00, 0x00, 0x2F, 0xF6, 0x00, 0x00, 0x68, 0x41, 0x00, 0x04, 0xDF, 0xE1, 0x00,
    0x00, 0x7F, 0xFF, 0xED, 0xEF, 0xFE, 0x40, 0x00, 0x00, 0x27, 0xBD, 0xFF, 0xEC, 0x82, 0x00, 0x00,
    0x00, 0xCF, 0x80, 0x00, 0x00, 0x00, 0x00, 0x00, 0x00, 0xCF, 0x80, 0x00, 0x00, 0x00, 0x00, 0x00,
    0x00, 0xCF, 0x80, 0x00, 0x00, 0x00, 0x00, 0x00, 0x00, 0xCF, 0x80, 0x00, 0x00, 0x00, 0x00, 0x00,
    0x00, 0xCF, 0x80, 0x00, 0x00, 0x00, 0x00, 0x00, 0x00, 0xCF, 0x71, 0x7C, 0xEE, 0xC8, 0x10, 0x00,
    0x00, 0xCF, 0x7D, 0xFF, 0xEF, 0xFF, 0xD1, 0x00, 0x00, 0xCF, 0xFD, 0x40, 0x00, 0x7F, 0xF8, 0x00,
    0x00, 0xCF, 0xF3, 0x00, 0x00, 0x0A, 0xFC, 0x00, 0x00, 0xCF, 0xC0, 0x00, 0x00, 0x06, 0xFE, 0x00,
    0x00, 0xCF, 0x90, 0x00, 0x00, 0x04, 0xFF, 0x00, 0x00, 0xCF, 0x80, 0x00, 0x00, 0x04, 0xFF, 0x00,
    0x00, 0xCF, 0x80, 0x00, 0x00, 0x04, 0xFF, 0x00, 0x00, 0xCF, 0x80, 0x00, 0x00, 0x04, 0xFF, 0x00,
    0x00, 0xCF, 0x80, 0x00, 0x00, 0x04, 0xFF, 0x00, 0x00, 0xCF, 0x80, 0x00, 0x00, 0x04, 0xFF, 0x00,
    0x00, 0xCF, 0x80, 0x00, 0x00, 0x04, 0xFF, 0x00, 0x00, 0xCF, 0x80, 0x00, 0x00, 0x04, 0xFF, 0x00,
    0x00, 0xCF, 0x80, 0x00, 0x00, 0x04, 0xFF, 0x00, 0x00, 0x9E, 0x50, 0x00, 0x0E, 0xFA, 0x00, 0x00,
    0x7C, 0x40, 0x00, 0x00, 0x00, 0x00, 0x00, 0x00, 0x00, 0x00, 0x0C, 0xF8, 0x00, 0x00, 0xCF, 0x80,
    0x00, 0x0C, 0xF8, 0x00, 0x00, 0xCF, 0x80, 0x00, 0x0C, 0xF8, 0x00, 0x00, 0xCF, 0x80, 0x00, 0x0C,
    0xF8, 0x00, 0x00, 0xCF, 0x80, 0x00, 0x0C, 0xF8, 0x00, 0x00, 0xCF, 0x80, 0x00, 0x0C, 0xF8, 0x00,
    0x00, 0xCF, 0x80, 0x00, 0x0C, 0xF8, 0x00, 0x00, 0xCF, 0x80, 0x00, 0x00, 0x00, 0x9E, 0x50, 0x00,
    0x00, 0x0E, 0xFA, 0x00, 0x00, 0x00, 0x7C, 0x40, 0x00, 0x00, 0x00, 0x00, 0x00, 0x00, 0x00, 0x00,
    0x00, 0x00, 0x00, 0x0C, 0xF8, 0x00, 0x00, 0x00, 0xCF, 0x80, 0x00, 0x00, 0x0C, 0xF8, 0x00, 0x00,
    0x00, 0xCF, 0x80, 0x00, 0x00, 0x0C, 0xF8, 0x00, 0x00, 0x00, 0xCF, 0x80, 0x00, 0x00, 0x0C, 0xF8,
    0x00, 0x00, 0x00, 0xCF, 0x80, 0x00, 0x00, 0x0C, 0xF8, 0x00, 0x00, 0x00, 0xCF, 0x80, 0x00, 0x00,
    0x0C, 0xF8, 0x00, 0x00, 0x00, 0xCF, 0x80, 0x00, 0x00, 0x0C, 0xF8, 0x00, 0x00, 0x00, 0xCF, 0x80,
    0x00, 0x00, 0x0C, 0xF8, 0x00, 0x00, 0x00, 0xCF, 0x70, 0x00, 0x00, 0x0D, 0xF6, 0x00, 0x00, 0x05,
    0xFF, 0x40, 0x00, 0x0E, 0xFF, 0xC0, 0x00, 0x00, 0xFE, 0xA1, 0x00, 0x00, 0x00, 0xCF, 0x70, 0x00,
    0x00, 0x00, 0x00, 0x00, 0xCF, 0x70, 0x00, 0x00, 0x00, 0x00, 0x00, 0xCF, 0x70, 0x00, 0x00, 0x00,
    0x00, 0x00, 0xCF, 0x70, 0x00, 0x00, 0x00, 0x00, 0x00, 0xCF, 0x70, 0x00, 0x00, 0x00, 0x00, 0x00,
    0xCF, 0x70, 0x00, 0x01, 0xCF, 0xB1, 0x00, 0xCF, 0x70, 0x00, 0x1C, 0xFC, 0x10, 0x00, 0xCF, 0x70,
    0x00, 0xBF, 0xD1, 0x00, 0x00, 0xCF, 0x70, 0x0A, 0xFD, 0x20, 0x00, 0x00, 0xCF, 0x70, 0x9F, 0xE2,
    0x00, 0x00, 0x00, 0xCF, 0x67, 0xFE, 0x30, 0x00, 0x00, 0x00, 0xCF, 0xAF, 0xFE, 0x10, 0x00, 0x00,
    0x00, 0xCF, 0xFD, 0xDF, 0xB0, 0x00, 0x00, 0x00, 0xCF, 0xC1, 0x3F, 0xF8, 0x00, 0x00, 0x00, 0xCF,
    0x70, 0x07, 0xFF, 0x40, 0x00, 0x00, 0xCF, 0x70, 0x00, 0xBF, 0xE1, 0x00, 0x00, 0xCF, 0x70, 0x00,
    0x1D, 0xFB, 0x00, 0x00, 0xCF, 0x70, 0x00, 0x04, 0xFF, 0x80, 0x00, 0xCF, 0x70, 0x00, 0x00, 0x7F,
    0xF4, 0x00, 0xCF, 0x80, 0x00, 0x0C, 0xF8, 0x00, 0x00, 0xCF, 0x80, 0x00, 0x0C, 0xF8, 0x00, 0x00,
    0xCF, 0x80, 0x00, 0x0C, 0xF8, 0x00, 0x00, 0xCF, 0x80, 0x00, 0x0C, 0xF8, 0x00, 0x00, 0xCF, 0x80,
    0x00, 0x0C, 0xF8, 0x00, 0x00, 0xCF, 0x80, 0x00, 0x0C, 0xF8, 0x00, 0x00, 0xCF, 0x80, 0x00, 0x0C,
    0xF8, 0x00, 0x00, 0xCF, 0x80, 0x00, 0x0C, 0xF8, 0x00, 0x00, 0xCF, 0x80, 0x00, 0x0C, 0xF8, 0x00,
    0x00, 0xCF, 0x80, 0x00, 0x00, 0xCF, 0x21, 0x8D, 0xFE, 0xB4, 0x00, 0x39, 0xDF, 0xEA, 0x30, 0x00,
    0x00, 0xCF, 0x6D, 0xFE, 0xEF, 0xFF, 0x55, 0xFF, 0xEE, 0xFF, 0xF4, 0x00, 0x00, 0xCF, 0xFC, 0x30,
    0x02, 0xCF, 0xEE, 0xB2, 0x00, 0x3D, 0xFC, 0x00, 0x00, 0xCF, 0xF2, 0x00, 0x00, 0x3F, 0xFE, 0x10,
    0x00, 0x06, 0xFF, 0x10, 0x00, 0xCF, 0xC0, 0x00, 0x00, 0x0F, 0xF8, 0x00, 0x00, 0x02, 0xFF, 0x30,
    0x00, 0xCF, 0x90, 0x00, 0x00, 0x0E, 0xF6, 0x00, 0x00, 0x01, 0xFF, 0x30, 0x00, 0xCF, 0x80, 0x00,
    0x00, 0x0E, 0xF5, 0x00, 0x00, 0x01, 0xFF, 0x30, 0x00, 0xCF, 0x80, 0x00, 0x00, 0x0E, 0xF5, 0x00,
    0x00, 0x01, 0xFF, 0x30, 0x00, 0xCF, 0x80, 0x00, 0x00, 0x0E, 0xF5, 0x00, 0x00, 0x01, 0xFF, 0x30,
    0x00, 0xCF, 0x80, 0x00, 0x00, 0x0E, 0xF5, 0x00, 0x00, 0x01, 0xFF, 0x30, 0x00, 0xCF, 0x80, 0x00,
    0x00, 0x0E, 0xF5, 0x00, 0x00, 0x01, 0xFF, 0x30, 0x00, 0xCF, 0x80, 0x00, 0x00, 0x0E, 0xF5, 0x00,
    0x00, 0x01, 0xFF, 0x30, 0x00, 0xCF, 0x80, 0x00, 0x00, 0x0E, 0xF5, 0x00, 0x00, 0x01, 0xFF, 0x30,
    0x00, 0xCF, 0x80, 0x00, 0x00, 0x0E, 0xF5, 0x00, 0x00, 0x01, 0xFF, 0x30, 0x00, 0xCF, 0x21, 0x7C,
    0xEE, 0xC8, 0x10, 0x00, 0x00, 0xCF, 0x6D, 0xFF, 0xEF, 0xFF, 0xD1, 0x00, 0x00, 0xCF, 0xFD, 0x40,
    0x00, 0x7F, 0xF8, 0x00, 0x00, 0xCF, 0xF3, 0x00, 0x00, 0x0A, 0xFC, 0x00, 0x00, 0xCF, 0xC0, 0x00,
    0x00, 0x06, 0xFE, 0x00, 0x00, 0xCF, 0x90, 0x00, 0x00, 0x04, 0xFF, 0x00, 0x00, 0xCF, 0x80, 0x00,
    0x00, 0x04, 0xFF, 0x00, 0x00, 0xCF, 0x80, 0x00, 0x00, 0x04, 0xFF, 0x00, 0x00, 0xCF, 0x80, 0x00,
    0x00, 0x04, 0xFF, 0x00, 0x00, 0xCF, 0x80, 0x00, 0x00, 0x04, 0xFF, 0x00, 0x00, 0xCF, 0x80, 0x00,
    0x00, 0x04, 0xFF, 0x00, 0x00, 0xCF, 0x80, 0x00, 0x00, 0x04, 0xFF, 0x00, 0x00, 0xCF, 0x80, 0x00,
    0x00, 0x04, 0xFF, 0x00, 0x00, 0xCF, 0x80, 0x00, 0x00, 0x04, 0xFF, 0x00, 0x00, 0x00, 0x39, 0xDF,
    0xEC, 0x71, 0x00, 0x00, 0x00, 0x07, 0xFF, 0xFE, 0xEF, 0xFD, 0x30, 0x00, 0x00, 0x5F, 0xF8, 0x10,
    0x03, 0xBF, 0xE1, 0x00, 0x00, 0xDF, 0x90, 0x00, 0x00, 0x0D, 0xF9, 0x00, 0x04, 0xFF, 0x20, 0x00,
    0x00, 0x06, 0xFE, 0x00, 0x07, 0xFE, 0x00, 0x00, 0x00, 0x03, 0xFF, 0x30, 0x08, 0xFC, 0x00, 0x00,
    0x00, 0x01, 0xFF, 0x40, 0x08, 0xFD, 0x00, 0x00, 0x00, 0x02, 0xFF, 0x40, 0x06, 0xFF, 0x00, 0x00,
    0x00, 0x03, 0xFF, 0x30, 0x03, 0xFF, 0x30, 0x00, 0x00, 0x07, 0xFF, 0x00, 0x00, 0xDF, 0xA0, 0x00,
    0x00, 0x1E, 0xFA, 0x00, 0x00, 0x4F, 0xF9, 0x10, 0x03, 0xBF, 0xE2, 0x00, 0x00, 0x06, 0xFF, 0xFE,
    0xEF, 0xFE, 0x40, 0x00, 0x00, 0x00, 0x29, 0xDE, 0xEC, 0x81, 0x00, 0x00, 0x00, 0xCF, 0x21, 0x8D,
    0xEE, 0xB6, 0x00, 0x00, 0x00, 0xCF, 0x5C, 0xFE, 0xEF, 0xFF, 0xA0, 0x00, 0x00, 0xCF, 0xED, 0x40,
    0x01, 0x8F, 0xF8, 0x00, 0x00, 0xCF, 0xF2, 0x00, 0x00, 0x0A, 0xFE, 0x10, 0x00, 0xCF, 0xC0, 0x00,
    0x00, 0x03, 0xFF, 0x40, 0x00, 0xCF, 0x90, 0x00, 0x00, 0x00, 0xFF, 0x70, 0x00, 0xCF, 0x80, 0x00,
    0x00, 0x00, 0xDF, 0x80, 0x00, 0xCF, 0x80, 0x00, 0x00, 0x00, 0xDF, 0x80, 0x00, 0xCF, 0x90, 0x00,
    0x00, 0x00, 0xEF, 0x70, 0x00, 0xCF, 0xC0, 0x00, 0x00, 0x03, 0xFF, 0x40, 0x00, 0xCF, 0xF3, 0x00,
    0x00, 0x0A, 0xFE, 0x10, 0x00, 0xCF, 0xFD, 0x40, 0x01, 0x9F, 0xF7, 0x00, 0x00, 0xCF, 0x8D, 0xFE,
    0xEF, 0xFF, 0xA0, 0x00, 0x00, 0xCF, 0x71, 0x8D, 0xFE, 0xB5, 0x00, 0x00, 0x00, 0xCF, 0x70, 0x00,
    0x00, 0x00, 0x00, 0x00, 0x00, 0xCF, 0x80, 0x00, 0x00, 0x00, 0x00, 0x00, 0x00, 0xCF, 0x80, 0x00,
    0x00, 0x00, 0x00, 0x00, 0x00, 0xCF, 0x80, 0x00, 0x00, 0x00, 0x00, 0x00, 0x00, 0xCF, 0x80, 0x00,
    0x00, 0x00, 0x00, 0x00, 0x00, 0xCF, 0x80, 0x00, 0x00, 0x00, 0x00, 0x00, 0x00, 0x00, 0x5B, 0xEE,
    0xD7, 0x12, 0xFC, 0x00, 0x00, 0x0A, 0xFF, 0xFD, 0xEF, 0xC5, 0xFC, 0x00, 0x00, 0x7F, 0xF7, 0x10,
    0x04, 0xDE, 0xFC, 0x00, 0x01, 0xEF, 0xA0, 0x00, 0x00, 0x3F, 0xFC, 0x00, 0x04, 0xFF, 0x30, 0x00,
    0x00, 0x0C, 0xFC, 0x00, 0x07, 0xFE, 0x00, 0x00, 0x00, 0x09, 0xFC, 0x00, 0x08, 0xFD, 0x00, 0x00,
    0x00, 0x08, 0xFC, 0x00, 0x08, 0xFC, 0x00, 0x00, 0x00, 0x07, 0xFC, 0x00, 0x07, 0xFE, 0x00, 0x00,
    0x00, 0x08, 0xFC, 0x00, 0x04, 0xFF, 0x20, 0x00, 0x00, 0x0B, 0xFC, 0x00, 0x01, 0xEF, 0x80, 0x00,
    0x00, 0x2F, 0xFC, 0x00, 0x00, 0x8F, 0xF7, 0x10, 0x04, 0xDF, 0xFC, 0x00, 0x00, 0x0A, 0xFF, 0xFD,
    0xEF, 0xD8, 0xFC, 0x00, 0x00, 0x00, 0x6C, 0xEE, 0xD8, 0x18, 0xFC, 0x00, 0x00, 0x00, 0x00, 0x00,
    0x00, 0x08, 0xFC, 0x00, 0x00, 0x00, 0x00, 0x00, 0x00, 0x08, 0xFC, 0x00, 0x00, 0x00, 0x00, 0x00,
    0x00, 0x08, 0xFC, 0x00, 0x00, 0x00, 0x00, 0x00, 0x00, 0x08, 0xFC, 0x00, 0x00, 0x00, 0x00, 0x00,
    0x00, 0x08, 0xFC, 0x00, 0x00, 0x00, 0x00, 0x00, 0x00, 0x08, 0xFC, 0x00, 0x00, 0xCF, 0x20, 0x6C,
    0xEF, 0x40, 0x0C, 0xF4, 0x9F, 0xFE, 0xE2, 0x00, 0xCF, 0xCF, 0x81, 0x00, 0x00, 0x0C, 0xFF, 0x70,
    0x00, 0x00, 0x00, 0xCF, 0xD0, 0x00, 0x00, 0x00, 0x0C, 0xF9, 0x00, 0x00, 0x00, 0x00, 0xCF, 0x80,
    0x00, 0x00, 0x00, 0x0C, 0xF8, 0x00, 0x00, 0x00, 0x00, 0xCF, 0x80, 0x00, 0x00, 0x00, 0x0C, 0xF8,
    0x00, 0x00, 0x00, 0x00, 0xCF, 0x80, 0x00, 0x00, 0x00, 0x0C, 0xF8, 0x00, 0x00, 0x00, 0x00, 0xCF,
    0x80, 0x00, 0x00, 0x00, 0x0C, 0xF8, 0x00, 0x00, 0x00, 0x00, 0x06, 0xBD, 0xFD, 0xC8, 0x30, 0x01,
    0xCF, 0xFE, 0xEF, 0xFF, 0xB0, 0x07, 0xFE, 0x40, 0x00, 0x37, 0x40, 0x0A, 0xF9, 0x00, 0x00, 0x00,
    0x00, 0x08, 0xFD, 0x20, 0x00, 0x00, 0x00, 0x01, 0xDF, 0xE9, 0x20, 0x00, 0x00, 0x00, 0x19, 0xFF,
    0xFC, 0x60, 0x00, 0x00, 0x00, 0x27, 0xDF, 0xFD, 0x20, 0x00, 0x00, 0x00, 0x05, 0xDF, 0xD0, 0x00,
    0x00, 0x00, 0x00, 0x2F, 0xF3, 0x00, 0x00, 0x00, 0x00, 0x0F, 0xF3, 0x08, 0x73, 0x00, 0x02, 0xAF,
    0xE1, 0x0A, 0xFF, 0xFD, 0xEF, 0xFF, 0x50, 0x02, 0x8C, 0xEF, 0xED, 0x92, 0x00, 0x00, 0x0D, 0xA0,
    0x00, 0x00, 0x02, 0xFA, 0x00, 0x00, 0x00, 0x7F, 0xA0, 0x00, 0x03, 0xBF, 0xFF, 0xFF, 0xFB, 0x8D,
    0xEF, 0xED, 0xDD, 0x90, 0x09, 0xFA, 0x00, 0x00, 0x00, 0x9F, 0xA0, 0x00, 0x00, 0x09, 0xFA, 0x00,
    0x00, 0x00, 0x9F, 0xA0, 0x00, 0x00, 0x09, 0xFA, 0x00, 0x00, 0x00, 0x9F, 0xA0, 0x00, 0x00, 0x09,
    0xFA, 0x00, 0x00, 0x00, 0x9F, 0xA0, 0x00, 0x00, 0x08, 0xFC, 0x00, 0x00, 0x00, 0x6F, 0xF6, 0x00,
    0x10, 0x01, 0xDF, 0xFE, 0xEC, 0x00, 0x02, 0x9E, 0xFE, 0x90, 0x00, 0xEF, 0x60, 0x00, 0x00, 0x07,
    0xFD, 0x00, 0x00, 0xEF, 0x60, 0x00, 0x00, 0x07, 0xFD, 0x00, 0x00, 0xEF, 0x60, 0x00, 0x00, 0x07,
    0xFD, 0x00, 0x00, 0xEF, 0x60, 0x00, 0x00, 0x07, 0xFD, 0x00, 0x00, 0xEF, 0x60, 0x00, 0x00, 0x07,
    0xFD, 0x00, 0x00, 0xEF, 0x60, 0x00, 0x00, 0x07, 0xFD, 0x00, 0x00, 0xEF, 0x60, 0x00, 0x00, 0x07,
    0xFD, 0x00, 0x00, 0xEF, 0x60, 0x00, 0x00, 0x07, 0xFD, 0x00, 0x00, 0xEF, 0x60, 0x00, 0x00, 0x08,
    0xFD, 0x00, 0x00, 0xEF, 0x70, 0x00, 0x00, 0x0B, 0xFD, 0x00, 0x00, 0xCF, 0xB0, 0x00, 0x00, 0x2F,
    0xFD, 0x00, 0x00, 0x8F, 0xF7, 0x00, 0x04, 0xDF, 0xFD, 0x00, 0x00, 0x1D, 0xFF, 0xFE, 0xEF, 0xE6,
    0xFD, 0x00, 0x00, 0x01, 0x8C, 0xEE, 0xD8, 0x11, 0xFD, 0x00, 0xCF, 0x90, 0x00, 0x00, 0x00, 0x6F,
    0xE1, 0x7F, 0xE0, 0x00, 0x00, 0x00, 0xCF, 0xA0, 0x1F, 0xF5, 0x00, 0x00, 0x02, 0xFF, 0x40, 0x0A,
    0xFA, 0x00, 0x00, 0x07, 0xFD, 0x00, 0x05, 0xFF, 0x10, 0x00, 0x0D, 0xF7, 0x00, 0x00, 0xEF, 0x60,
    0x00, 0x3F, 0xF2, 0x00, 0x00, 0x8F, 0xC0, 0x00, 0x9F, 0xB0, 0x00, 0x00, 0x3F, 0xF2, 0x00, 0xEF,
    0x50, 0x00, 0x00, 0x0C, 0xF7, 0x04, 0xFE, 0x10, 0x00, 0x00, 0x06, 0xFC, 0x09, 0xF9, 0x00, 0x00,
    0x00, 0x01, 0xFF, 0x3E, 0xF3, 0x00, 0x00, 0x00, 0x00, 0xAF, 0xAF, 0xD0, 0x00, 0x00, 0x00, 0x00,
    0x4F, 0xFF, 0x70, 0x00, 0x00, 0x00, 0x00, 0x0D, 0xFF, 0x20, 0x00, 0x00, 0x9F, 0xC0, 0x00, 0x00,
    0x2F, 0xFA, 0x00, 0x00, 0x05, 0xFF, 0x15, 0xFF, 0x10, 0x00, 0x07, 0xFF, 0xE0, 0x00, 0x00, 0x9F,
    0xB0, 0x1F, 0xF4, 0x00, 0x00, 0xCF, 0xDF, 0x40, 0x00, 0x0D, 0xF7, 0x00, 0xCF, 0x80, 0x00, 0x1F,
    0xE8, 0xF8, 0x00, 0x02, 0xFF, 0x30, 0x07, 0xFC, 0x00, 0x06, 0xFA, 0x4F, 0xD0, 0x00, 0x5F, 0xE0,
    0x00, 0x3F, 0xF1, 0x00, 0xBF, 0x60, 0xEF, 0x20, 0x09, 0xF9, 0x00, 0x00, 0xEF, 0x50, 0x1F, 0xF2,
    0x0A, 0xF7, 0x00, 0xDF, 0x50, 0x00, 0x0A, 0xF9, 0x05, 0xFC, 0x00, 0x6F, 0xC0, 0x2F, 0xF1, 0x00,
    0x00, 0x6F, 0xC0, 0xAF, 0x70, 0x01, 0xFF, 0x16, 0xFC, 0x00, 0x00, 0x02, 0xFF, 0x1E, 0xF2, 0x00,
    0x0C, 0xF5, 0xAF, 0x80, 0x00, 0x00, 0x0D, 0xF6, 0xFC, 0x00, 0x00, 0x7F, 0x9D, 0xF4, 0x00, 0x00,
    0x00, 0x9F, 0xDF, 0x80, 0x00, 0x03, 0xFD, 0xFE, 0x00, 0x00, 0x00, 0x05, 0xFF, 0xF3, 0x00, 0x00,
    0x0D, 0xFF, 0xA0, 0x00, 0x00, 0x00, 0x1F, 0xFD, 0x00, 0x00, 0x00, 0x8F, 0xF6, 0x00, 0x00, 0x1D,
    0xFA, 0x00, 0x00, 0x01, 0xDF, 0xA0, 0x04, 0xFF, 0x50, 0x00, 0x08, 0xFE, 0x10, 0x00, 0x8F, 0xE1,
    0x00, 0x4F, 0xF4, 0x00, 0x00, 0x0C, 0xFA, 0x01, 0xDF, 0x90, 0x00, 0x00, 0x02, 0xFF, 0x59, 0xFD,
    0x10, 0x00, 0x00, 0x00, 0x6F, 0xEF, 0xF3, 0x00, 0x00, 0x00, 0x00, 0x0B, 0xFF, 0x70, 0x00, 0x00,
    0x00, 0x00, 0x1D, 0xFF, 0xA0, 0x00, 0x00, 0x00, 0x00, 0xAF, 0xDE, 0xF6, 0x00, 0x00, 0x00, 0x05,
    0xFF, 0x36, 0xFE, 0x20, 0x00, 0x00, 0x2E, 0xF7, 0x00, 0xBF, 0xC0, 0x00, 0x00, 0xBF, 0xB0, 0x00,
    0x1E, 0xF8, 0x00, 0x07, 0xFE, 0x20, 0x00, 0x05, 0xFF, 0x30, 0x3F, 0xF6, 0x00, 0x00, 0x00, 0xAF,
    0xD1, 0xCF, 0xA0, 0x00, 0x00, 0x00, 0x6F, 0xF1, 0x5F, 0xF1, 0x00, 0x00, 0x00, 0xBF, 0xA0, 0x0E,
    0xF6, 0x00, 0x00, 0x02, 0xFF, 0x50, 0x08, 0xFC, 0x00, 0x00, 0x07, 0xFE, 0x00, 0x02, 0xFF, 0x30,
    0x00, 0x0D, 0xF8, 0x00, 0x00, 0xBF, 0x90, 0x00, 0x3F, 0xF2, 0x00, 0x00, 0x5F, 0xE0, 0x00, 0x8F,
    0xC0, 0x00, 0x00, 0x0E, 0xF5, 0x00, 0xEF, 0x60, 0x00, 0x00, 0x08, 0xFB, 0x04, 0xFE, 0x10, 0x00,
    0x00, 0x02, 0xFF, 0x19, 0xF9, 0x00, 0x00, 0x00, 0x00, 0xBF, 0x5E, 0xF4, 0x00, 0x00, 0x00, 0x00,
    0x5F, 0xCF, 0xD0, 0x00, 0x00, 0x00, 0x00, 0x0D, 0xFF, 0x70, 0x00, 0x00, 0x00, 0x00, 0x08, 0xFF,
    0x20, 0x00, 0x00, 0x00, 0x00, 0x09, 0xFB, 0x00, 0x00, 0x00, 0x00, 0x00, 0x1E, 0xF5, 0x00, 0x00,
    0x00, 0x00, 0x00, 0x8F, 0xD0, 0x00, 0x00, 0x00, 0x00, 0x06, 0xFF, 0x60, 0x00, 0x00, 0x00, 0xAD,
    0xFF, 0xFA, 0x00, 0x00, 0x00, 0x00, 0x9E, 0xFD, 0x70, 0x00, 0x00, 0x00, 0x00, 0x08, 0xFF, 0xFF,
    0xFF, 0xFF, 0xF0, 0x07, 0xDD, 0xDD, 0xDD, 0xEF, 0xF0, 0x00, 0x00, 0x00, 0x01, 0xDF, 0x80, 0x00,
    0x00, 0x00, 0x0A, 0xFC, 0x00, 0x00, 0x00, 0x00, 0x6F, 0xE2, 0x00, 0x00, 0x00, 0x02, 0xEF, 0x60,
    0x00, 0x00, 0x00, 0x0C, 0xFA, 0x00, 0x00, 0x00, 0x00, 0x8F, 0xD1, 0x00, 0x00, 0x00, 0x03, 0xFF,
    0x40, 0x00, 0x00, 0x00, 0x1D, 0xF8, 0x00, 0x00, 0x00, 0x00, 0xAF, 0xC0, 0x00, 0x00, 0x00, 0x05,
    0xFE, 0x20, 0x00, 0x00, 0x00, 0x0E, 0xFE, 0xDD, 0xDD, 0xDD, 0xD3, 0x0F, 0xFF, 0xFF, 0xFF, 0xFF,
    0xF3, 0x00, 0x00, 0x02, 0x8C, 0xE1, 0x00, 0x00, 0x3E, 0xFF, 0xE1, 0x00, 0x00, 0xCF, 0xC3, 0x00,
    0x00, 0x01, 0xFF, 0x40, 0x00, 0x00, 0x01, 0xFF, 0x20, 0x00, 0x00, 0x01, 0xFF, 0x20, 0x00, 0x00,
    0x01, 0xFF, 0x20, 0x00, 0x00, 0x01, 0xFF, 0x20, 0x00, 0x00, 0x04, 0xFF, 0x10, 0x00, 0x00, 0x3C,
    0xFB, 0x00, 0x00, 0x4E, 0xFE, 0x91, 0x00, 0x00, 0x4F, 0xFD, 0x70, 0x00, 0x00, 0x01, 0x5D, 0xFA,
    0x00, 0x00, 0x00, 0x04, 0xFF, 0x10, 0x00, 0x00, 0x02, 0xFF, 0x20, 0x00, 0x00, 0x01, 0xFF, 0x20,
    0x00, 0x00, 0x01, 0xFF, 0x20, 0x00, 0x00, 0x01, 0xFF, 0x20, 0x00, 0x00, 0x01, 0xFF, 0x40, 0x00,
    0x00, 0x00, 0xDF, 0xC2, 0x00, 0x00, 0x00, 0x4F, 0xFF, 0xE1, 0x00, 0x00, 0x03, 0x9D, 0xF1, 0x00,
    0x00, 0x00, 0xCF, 0x20, 0x00, 0x00, 0x00, 0x00, 0x00, 0xCF, 0x20, 0x00, 0x00, 0x00, 0x00, 0x00,
    0xCF, 0x20, 0x00, 0x00, 0x00, 0x00, 0x00, 0xCF, 0x20, 0x00, 0x00, 0x00, 0x00, 0x00, 0xCF, 0x20,
    0x00, 0x00, 0x00, 0x00, 0x00, 0xCF, 0x20, 0x00, 0x00, 0x00, 0x00, 0x00, 0xCF, 0x20, 0x00, 0x00,
    0x00, 0x00, 0x00, 0xCF, 0x20, 0x00, 0x00, 0x00, 0x00, 0x00, 0xCF, 0x20, 0x00, 0x00, 0x00, 0x00,
    0x00, 0xCF, 0x20, 0x00, 0x00, 0x00, 0x00, 0x00, 0xCF, 0x20, 0x00, 0x00, 0x00, 0x00, 0x00, 0xCF,
    0x20, 0x00, 0x00, 0x00, 0x00, 0x00, 0xCF, 0x20, 0x00, 0x00, 0x00, 0x00, 0x00, 0xCF, 0x20, 0x00,
    0x00, 0x00, 0x00, 0x00, 0xCF, 0x20, 0x00, 0x00, 0x00, 0x00, 0x00, 0xCF, 0x20, 0x00, 0x00, 0x00,
    0x00, 0x00, 0xCF, 0x20, 0x00, 0x00, 0x00, 0x00, 0x00, 0xCF, 0x20, 0x00, 0x00, 0x00, 0x00, 0x00,
    0xCF, 0x20, 0x00, 0x00, 0x00, 0x00, 0x00, 0xCF, 0x20, 0x00, 0x00, 0x00, 0x00, 0x00, 0xCF, 0x20,
    0x00, 0x00, 0x00, 0x00, 0x00, 0xCF, 0x20, 0x00, 0x00, 0x00, 0x00, 0x00, 0xCF, 0x20, 0x00, 0x00,
    0x00, 0x00, 0x00, 0xCF, 0x20, 0x00, 0x00, 0x00, 0x00, 0x00, 0xCF, 0x20, 0x00, 0x00, 0x3E, 0xD8,
    0x20, 0x00, 0x00, 0x2E, 0xFF, 0xE2, 0x00, 0x00, 0x00, 0x3D, 0xFB, 0x00, 0x00, 0x00, 0x06, 0xFE,
    0x00, 0x00, 0x00, 0x04, 0xFF, 0x00, 0x00, 0x00, 0x04, 0xFF, 0x00, 0x00, 0x00, 0x04, 0xFF, 0x00,
    0x00, 0x00, 0x04, 0xFF, 0x00, 0x00, 0x00, 0x03, 0xFF, 0x20, 0x00, 0x00, 0x00, 0xDF, 0xB2, 0x00,
    0x00, 0x00, 0x2A, 0xEF, 0xE2, 0x00, 0x00, 0x18, 0xDF, 0xF2, 0x00, 0x00, 0xCF, 0xC4, 0x10, 0x00,
    0x03, 0xFF, 0x20, 0x00, 0x00, 0x04, 0xFF, 0x00, 0x00, 0x00, 0x04, 0xFF, 0x00, 0x00, 0x00, 0x04,
    0xFF, 0x00, 0x00, 0x00, 0x04, 0xFF, 0x00, 0x00, 0x00, 0x06, 0xFE, 0x00, 0x00, 0x00, 0x3D, 0xFB,
    0x00, 0x00, 0x2E, 0xFF, 0xE2, 0x00, 0x00, 0x3E, 0xC7, 0x10, 0x00, 0x00, 0x02, 0xAE, 0xFE, 0xB7,
    0x30, 0x01, 0x67, 0x00, 0xBF, 0xEE, 0xFF, 0xFF, 0xED, 0xFF, 0x80, 0x08, 0x50, 0x00, 0x48, 0xCE,
    0xFD, 0x91, 0x00, 0x00, 0x00, 0x00, 0x00, 0x00, 0x00, 0x00, 0x00, 0x00, 0x00, 0x00, 0x00, 0x00,
    0x00, 0x00, 0x00, 0x00, 0x00, 0x00, 0x00, 0x00, 0x00, 0x00, 0x00, 0x00, 0x00, 0x00, 0x00, 0x00,
    0x00, 0x00, 0x00, 0x00, 0x00, 0x00, 0x00, 0x00, 0x00, 0x00, 0x00, 0x00, 0x00, 0x00, 0x00, 0x00,
    0x00, 0x00, 0x00, 0x00, 0x00, 0x00, 0x00, 0x00, 0x8F, 0xFF, 0xFF, 0xFF, 0xFF, 0xF2, 0x00, 0x00,
    0x8C, 0x33, 0x33, 0x33, 0x35, 0xF2, 0x00, 0x00, 0x8C, 0x00, 0x00, 0x00, 0x03, 0xF2, 0x00, 0x00,
    0x8C, 0x00, 0x00, 0x00, 0x03, 0xF2, 0x00, 0x00, 0x8C, 0x00, 0x00, 0x00, 0x03, 0xF2, 0x00, 0x00,
    0x8C, 0x00, 0x00, 0x00, 0x03, 0xF2, 0x00, 0x00, 0x8C, 0x00, 0x00, 0x00, 0x03, 0xF2, 0x00, 0x00,
    0x8C, 0x00, 0x00, 0x00, 0x03, 0xF2, 0x00, 0x00, 0x8C, 0x00, 0x00, 0x00, 0x03, 0xF2, 0x00, 0x00,
    0x8C, 0x00, 0x00, 0x00, 0x03, 0xF2, 0x00, 0x00, 0x8C, 0x00, 0x00, 0x00, 0x03, 0xF2, 0x00, 0x00,
    0x8C, 0x00, 0x00, 0x00, 0x03, 0xF2, 0x00, 0x00, 0x8C, 0x00, 0x00, 0x00, 0x03, 0xF2, 0x00, 0x00,
    0x8C, 0x00, 0x00, 0x00, 0x03, 0xF2, 0x00, 0x00, 0x8C, 0x00, 0x00, 0x00, 0x03, 0xF2, 0x00, 0x00,
    0x8C, 0x00, 0x00, 0x00, 0x03, 0xF2, 0x00, 0x00, 0x8C, 0x00, 0x00, 0x00, 0x03, 0xF2, 0x00, 0x00,
    0x8F, 0xFF, 0xFF, 0xFF, 0xFF, 0xF2, 0x00, 0x00, 0x13, 0x33, 0x33, 0x33, 0x33, 0x30, 0x00, 0x00,
    0x8F, 0xFF, 0xFF, 0xFF, 0xFF, 0xF2, 0x00, 0x00, 0x8C, 0x33, 0x33, 0x33, 0x35, 0xF2, 0x00, 0x00,
    0x8C, 0x00, 0x00, 0x00, 0x03, 0xF2, 0x00, 0x00, 0x8C, 0x00, 0x00, 0x00, 0x03, 0xF2, 0x00, 0x00,
    0x8C, 0x00, 0x00, 0x00, 0x03, 0xF2, 0x00, 0x00, 0x8C, 0x00, 0x00, 0x00, 0x03, 0xF2, 0x00, 0x00,
    0x8C, 0x00, 0x00, 0x00, 0x03, 0xF2, 0x00, 0x00, 0x8C, 0x00, 0x00, 0x00, 0x03, 0xF2, 0x00, 0x00,
    0x8C, 0x00, 0x00, 0x00, 0x03, 0xF2, 0x00, 0x00, 0x8C, 0x00, 0x00, 0x00, 0x03, 0xF2, 0x00, 0x00,
    0x8C, 0x00, 0x00, 0x00, 0x03, 0xF2, 0x00, 0x00, 0x8C, 0x00, 0x00, 0x00, 0x03, 0xF2, 0x00, 0x00,
    0x8C, 0x00, 0x00, 0x00, 0x03, 0xF2, 0x00, 0x00, 0x8C, 0x00, 0x00, 0x00, 0x03, 0xF2, 0x00, 0x00,
    0x8C, 0x00, 0x00, 0x00, 0x03, 0xF2, 0x00, 0x00, 0x8C, 0x00, 0x00, 0x00, 0x03, 0xF2, 0x00, 0x00,
    0x8C, 0x00, 0x00, 0x00, 0x03, 0xF2, 0x00, 0x00, 0x8F, 0xFF, 0xFF, 0xFF, 0xFF, 0xF2, 0x00, 0x00,
    0x13, 0x33, 0x33, 0x33, 0x33, 0x30, 0x00, 0x00, 0x8F, 0xFF, 0xFF, 0xFF, 0xFF, 0xF2, 0x00, 0x00,
    0x8C, 0x33, 0x33, 0x33, 0x35, 0xF2, 0x00, 0x00, 0x8C, 0x00, 0x00, 0x00, 0x03, 0xF2, 0x00, 0x00,
    0x8C, 0x00, 0x00, 0x00, 0x03, 0xF2, 0x00, 0x00, 0x8C, 0x00, 0x00, 0x00, 0x03, 0xF2, 0x00, 0x00,
    0x8C, 0x00, 0x00, 0x00, 0x03, 0xF2, 0x00, 0x00, 0x8C, 0x00, 0x00, 0x00, 0x03, 0xF2, 0x00, 0x00,
    0x8C, 0x00, 0x00, 0x00, 0x03, 0xF2, 0x00, 0x00, 0x8C, 0x00, 0x00, 0x00, 0x03, 0xF2, 0x00, 0x00,
    0x8C, 0x00, 0x00, 0x00, 0x03, 0xF2, 0x00, 0x00, 0x8C, 0x00, 0x00, 0x00, 0x03, 0xF2, 0x00, 0x00,
    0x8C, 0x00, 0x00, 0x00, 0x03, 0xF2, 0x00, 0x00, 0x8C, 0x00, 0x00, 0x00, 0x03, 0xF2, 0x00, 0x00,
    0x8C, 0x00, 0x00, 0x00, 0x03, 0xF2, 0x00, 0x00, 0x8C, 0x00, 0x00, 0x00, 0x03, 0xF2, 0x00, 0x00,
    0x8C, 0x00, 0x00, 0x00, 0x03, 0xF2, 0x00, 0x00, 0x8C, 0x00, 0x00, 0x00, 0x03, 0xF2, 0x00, 0x00,
    0x8F, 0xFF, 0xFF, 0xFF, 0xFF, 0xF2, 0x00, 0x00, 0x13, 0x33, 0x33, 0x33, 0x33, 0x30, 0x00, 0x00,
    0x8F, 0xFF, 0xFF, 0xFF, 0xFF, 0xF2, 0x00, 0x00, 0x8C, 0x33, 0x33, 0x33, 0x35, 0xF2, 0x00, 0x00,
    0x8C, 0x00, 0x00, 0x00, 0x03, 0xF2, 0x00, 0x00, 0x8C, 0x00, 0x00, 0x00, 0x03, 0xF2, 0x00, 0x00,
    0x8C, 0x00, 0x00, 0x00, 0x03, 0xF2, 0x00, 0x00, 0x8C, 0x00, 0x00, 0x00, 0x03, 0xF2, 0x00, 0x00,
    0x8C, 0x00, 0x00, 0x00, 0x03, 0xF2, 0x00, 0x00, 0x8C, 0x00, 0x00, 0x00, 0x03, 0xF2, 0x00, 0x00,
    0x8C, 0x00, 0x00, 0x00, 0x03, 0xF2, 0x00, 0x00, 0x8C, 0x00, 0x00, 0x00, 0x03, 0xF2, 0x00, 0x00,
    0x8C, 0x00, 0x00, 0x00, 0x03, 0xF2, 0x00, 0x00, 0x8C, 0x00, 0x00, 0x00, 0x03, 0xF2, 0x00, 0x00,
    0x8C, 0x00, 0x00, 0x00, 0x03, 0xF2, 0x00, 0x00, 0x8C, 0x00, 0x00, 0x00, 0x03, 0xF2, 0x00, 0x00,
    0x8C, 0x00, 0x00, 0x00, 0x03, 0xF2, 0x00, 0x00, 0x8C, 0x00, 0x00, 0x00, 0x03, 0xF2, 0x00, 0x00,
    0x8C, 0x00, 0x00, 0x00, 0x03, 0xF2, 0x00, 0x00, 0x8F, 0xFF, 0xFF, 0xFF, 0xFF, 0xF2, 0x00, 0x00,
    0x13, 0x33, 0x33, 0x33, 0x33, 0x30, 0x00, 0x00, 0x8F, 0xFF, 0xFF, 0xFF, 0xFF, 0xF2, 0x00, 0x00,
    0x8C, 0x33, 0x33, 0x33, 0x35, 0xF2, 0x00, 0x00, 0x8C, 0x00, 0x00, 0x00, 0x03, 0xF2, 0x00, 0x00,
    0x8C, 0x00, 0x00, 0x00, 0x03, 0xF2, 0x00, 0x00, 0x8C, 0x00, 0x00, 0x00, 0x03, 0xF2, 0x00, 0x00,
    0x8C, 0x00, 0x00, 0x00, 0x03, 0xF2, 0x00, 0x00, 0x8C, 0x00, 0x00, 0x00, 0x03, 0xF2, 0x00, 0x00,
    0x8C, 0x00, 0x00, 0x00, 0x03, 0xF2, 0x00, 0x00, 0x8C, 0x00, 0x00, 0x00, 0x03, 0xF2, 0x00, 0x00,
    0x8C, 0x00, 0x00, 0x00, 0x03, 0xF2, 0x00, 0x00, 0x8C, 0x00, 0x00, 0x00, 0x03, 0xF2, 0x00, 0x00,
    0x8C, 0x00, 0x00, 0x00, 0x03, 0xF2, 0x00, 0x00, 0x8C, 0x00, 0x00, 0x00, 0x03, 0xF2, 0x00, 0x00,
    0x8C, 0x00, 0x00, 0x00, 0x03, 0xF2, 0x00, 0x00, 0x8C, 0x00, 0x00, 0x00, 0x03, 0xF2, 0x00, 0x00,
    0x8C, 0x00, 0x00, 0x00, 0x03, 0xF2, 0x00, 0x00, 0x8C, 0x00, 0x00, 0x00, 0x03, 0xF2, 0x00, 0x00,
    0x8F, 0xFF, 0xFF, 0xFF, 0xFF, 0xF2, 0x00, 0x00, 0x13, 0x33, 0x33, 0x33, 0x33, 0x30, 0x00, 0x00,
    0x8F, 0xFF, 0xFF, 0xFF, 0xFF, 0xF2, 0x00, 0x00, 0x8C, 0x33, 0x33, 0x33, 0x35, 0xF2, 0x00, 0x00,
    0x8C, 0x00, 0x00, 0x00, 0x03, 0xF2, 0x00, 0x00, 0x8C, 0x00, 0x00, 0x00, 0x03, 0xF2, 0x00, 0x00,
    0x8C, 0x00, 0x00, 0x00, 0x03, 0xF2, 0x00, 0x00, 0x8C, 0x00, 0x00, 0x00, 0x03, 0xF2, 0x00, 0x00,
    0x8C, 0x00, 0x00, 0x00, 0x03, 0xF2, 0x00, 0x00, 0x8C, 0x00, 0x00, 0x00, 0x03, 0xF2, 0x00, 0x00,
    0x8C, 0x00, 0x00, 0x00, 0x03, 0xF2, 0x00, 0x00, 0x8C, 0x00, 0x00, 0x00, 0x03, 0xF2, 0x00, 0x00,
    0x8C, 0x00, 0x00, 0x00, 0x03, 0xF2, 0x00, 0x00, 0x8C, 0x00, 0x00, 0x00, 0x03, 0xF2, 0x00, 0x00,
    0x8C, 0x00, 0x00, 0x00, 0x03, 0xF2, 0x00, 0x00, 0x8C, 0x00, 0x00, 0x00, 0x03, 0xF2, 0x00, 0x00,
    0x8C, 0x00, 0x00, 0x00, 0x03, 0xF2, 0x00, 0x00, 0x8C, 0x00, 0x00, 0x00, 0x03, 0xF2, 0x00, 0x00,
    0x8C, 0x00, 0x00, 0x00, 0x03, 0xF2, 0x00, 0x00, 0x8F, 0xFF, 0xFF, 0xFF, 0xFF, 0xF2, 0x00, 0x00,
    0x13, 0x33, 0x33, 0x33, 0x33, 0x30, 0x00, 0x00, 0x8F, 0xFF, 0xFF, 0xFF, 0xFF, 0xF2, 0x00, 0x00,
    0x8C, 0x33, 0x33, 0x33, 0x35, 0xF2, 0x00, 0x00, 0x8C, 0x00, 0x00, 0x00, 0x03, 0xF2, 0x00, 0x00,
    0x8C, 0x00, 0x00, 0x00, 0x03, 0xF2, 0x00, 0x00, 0x8C, 0x00, 0x00, 0x00, 0x03, 0xF2, 0x00, 0x00,
    0x8C, 0x00, 0x00, 0x00, 0x03, 0xF2, 0x00, 0x00, 0x8C, 0x00, 0x00, 0x00, 0x03, 0xF2, 0x00, 0x00,
    0x8C, 0x00, 0x00, 0x00, 0x03, 0xF2, 0x00, 0x00, 0x8C, 0x00, 0x00, 0x00, 0x03, 0xF2, 0x00, 0x00,
    0x8C, 0x00, 0x00, 0x00, 0x03, 0xF2, 0x00, 0x00, 0x8C, 0x00, 0x00, 0x00, 0x03, 0xF2, 0x00, 0x00,
    0x8C, 0x00, 0x00, 0x00, 0x03, 0xF2, 0x00, 0x00, 0x8C, 0x00, 0x00, 0x00, 0x03, 0xF2, 0x00, 0x00,
    0x8C, 0x00, 0x00, 0x00, 0x03, 0xF2, 0x00, 0x00, 0x8C, 0x00, 0x00, 0x00, 0x03, 0xF2, 0x00, 0x00,
    0x8C, 0x00, 0x00, 0x00, 0x03, 0xF2, 0x00, 0x00, 0x8C, 0x00, 0x00, 0x00, 0x03, 0xF2, 0x00, 0x00,
    0x8F, 0xFF, 0xFF, 0xFF, 0xFF, 0xF2, 0x00, 0x00, 0x13, 0x33, 0x33, 0x33, 0x33, 0x30, 0x00, 0x00,
    0x8F, 0xFF, 0xFF, 0xFF, 0xFF, 0xF2, 0x00, 0x00, 0x8C, 0x33, 0x33, 0x33, 0x35, 0xF2, 0x00, 0x00,
    0x8C, 0x00, 0x00, 0x00, 0x03, 0xF2, 0x00, 0x00, 0x8C, 0x00, 0x00, 0x00, 0x03, 0xF2, 0x00, 0x00,
    0x8C, 0x00, 0x00, 0x00, 0x03, 0xF2, 0x00, 0x00, 0x8C, 0x00, 0x00, 0x00, 0x03, 0xF2, 0x00, 0x00,
    0x8C, 0x00, 0x00, 0x00, 0x03, 0xF2, 0x00, 0x00, 0x8C, 0x00, 0x00, 0x00, 0x03, 0xF2, 0x00, 0x00,
    0x8C, 0x00, 0x00, 0x00, 0x03, 0xF2, 0x00, 0x00, 0x8C, 0x00, 0x00, 0x00, 0x03, 0xF2, 0x00, 0x00,
    0x8C, 0x00, 0x00, 0x00, 0x03, 0xF2, 0x00, 0x00, 0x8C, 0x00, 0x00, 0x00, 0x03, 0xF2, 0x00, 0x00,
    0x8C, 0x00, 0x00, 0x00, 0x03, 0xF2, 0x00, 0x00, 0x8C, 0x00, 0x00, 0x00, 0x03, 0xF2, 0x00, 0x00,
    0x8C, 0x00, 0x00, 0x00, 0x03, 0xF2, 0x00, 0x00, 0x8C, 0x00, 0x00, 0x00, 0x03, 0xF2, 0x00, 0x00,
    0x8C, 0x00, 0x00, 0x00, 0x03, 0xF2, 0x00, 0x00, 0x8F, 0xFF, 0xFF, 0xFF, 0xFF, 0xF2, 0x00, 0x00,
    0x13, 0x33, 0x33, 0x33, 0x33, 0x30, 0x00, 0x00, 0x8F, 0xFF, 0xFF, 0xFF, 0xFF, 0xF2, 0x00, 0x00,
    0x8C, 0x33, 0x33, 0x33, 0x35, 0xF2, 0x00, 0x00, 0x8C, 0x00, 0x00, 0x00, 0x03, 0xF2, 0x00, 0x00,
    0x8C, 0x00, 0x00, 0x00, 0x03, 0xF2, 0x00, 0x00, 0x8C, 0x00, 0x00, 0x00, 0x03, 0xF2, 0x00, 0x00,
    0x8C, 0x00, 0x00, 0x00, 0x03, 0xF2, 0x00, 0x00, 0x8C, 0x00, 0x00, 0x00, 0x03, 0xF2, 0x00, 0x00,
    0x8C, 0x00, 0x00, 0x00, 0x03, 0xF2, 0x00, 0x00, 0x8C, 0x00, 0x00, 0x00, 0x03, 0xF2, 0x00, 0x00,
    0x8C, 0x00, 0x00, 0x00, 0x03, 0xF2, 0x00, 0x00, 0x8C, 0x00, 0x00, 0x00, 0x03, 0xF2, 0x00, 0x00,
    0x8C, 0x00, 0x00, 0x00, 0x03, 0xF2, 0x00, 0x00, 0x8C, 0x00, 0x00, 0x00, 0x03, 0xF2, 0x00, 0x00,
    0x8C, 0x00, 0x00, 0x00, 0x03, 0xF2, 0x00, 0x00, 0x8C, 0x00, 0x00, 0x00, 0x03, 0xF2, 0x00, 0x00,
    0x8C, 0x00, 0x00, 0x00, 0x03, 0xF2, 0x00, 0x00, 0x8C, 0x00, 0x00, 0x00, 0x03, 0xF2, 0x00, 0x00,
    0x8F, 0xFF, 0xFF, 0xFF, 0xFF, 0xF2, 0x00, 0x00, 0x13, 0x33, 0x33, 0x33, 0x33, 0x30, 0x00, 0x00,
    0x8F, 0xFF, 0xFF, 0xFF, 0xFF, 0xF2, 0x00, 0x00, 0x8C, 0x33, 0x33, 0x33, 0x35, 0xF2, 0x00, 0x00,
    0x8C, 0x00, 0x00, 0x00, 0x03, 0xF2, 0x00, 0x00, 0x8C, 0x00, 0x00, 0x00, 0x03, 0xF2, 0x00, 0x00,
    0x8C, 0x00, 0x00, 0x00, 0x03, 0xF2, 0x00, 0x00, 0x8C, 0x00, 0x00, 0x00, 0x03, 0xF2, 0x00, 0x00,
    0x8C, 0x00, 0x00, 0x00, 0x03, 0xF2, 0x00, 0x00, 0x8C, 0x00, 0x00, 0x00, 0x03, 0xF2, 0x00, 0x00,
    0x8C, 0x00, 0x00, 0x00, 0x03, 0xF2, 0x00, 0x00, 0x8C, 0x00, 0x00, 0x00, 0x03, 0xF2, 0x00, 0x00,
    0x8C, 0x00, 0x00, 0x00, 0x03, 0xF2, 0x00, 0x00, 0x8C, 0x00, 0x00, 0x00, 0x03, 0xF2, 0x00, 0x00,
    0x8C, 0x00, 0x00, 0x00, 0x03, 0xF2, 0x00, 0x00, 0x8C, 0x00, 0x00, 0x00, 0x03, 0xF2, 0x00, 0x00,
    0x8C, 0x00, 0x00, 0x00, 0x03, 0xF2, 0x00, 0x00, 0x8C, 0x00, 0x00, 0x00, 0x03, 0xF2, 0x00, 0x00,
    0x8C, 0x00, 0x00, 0x00, 0x03, 0xF2, 0x00, 0x00, 0x8F, 0xFF, 0xFF, 0xFF, 0xFF, 0xF2, 0x00, 0x00,
    0x13, 0x33, 0x33, 0x33, 0x33, 0x30, 0x00, 0x00, 0x8F, 0xFF, 0xFF, 0xFF, 0xFF, 0xF2, 0x00, 0x00,
    0x8C, 0x33, 0x33, 0x33, 0x35, 0xF2, 0x00, 0x00, 0x8C, 0x00, 0x00, 0x00, 0x03, 0xF2, 0x00, 0x00,
    0x8C, 0x00, 0x00, 0x00, 0x03, 0xF2, 0x00, 0x00, 0x8C, 0x00, 0x00, 0x00, 0x03, 0xF2, 0x00, 0x00,
    0x8C, 0x00, 0x00, 0x00, 0x03, 0xF2, 0x00, 0x00, 0x8C, 0x00, 0x00, 0x00, 0x03, 0xF2, 0x00, 0x00,
    0x8C, 0x00, 0x00, 0x00, 0x03, 0xF2, 0x00, 0x00, 0x8C, 0x00, 0x00, 0x00, 0x03, 0xF2, 0x00, 0x00,
    0x8C, 0x00, 0x00, 0x00, 0x03, 0xF2, 0x00, 0x00, 0x8C, 0x00, 0x00, 0x00, 0x03, 0xF2, 0x00, 0x00,
    0x8C, 0x00, 0x00, 0x00, 0x03, 0xF2, 0x00, 0x00, 0x8C, 0x00, 0x00, 0x00, 0x03, 0xF2, 0x00, 0x00,
    0x8C, 0x00, 0x00, 0x00, 0x03, 0xF2, 0x00, 0x00, 0x8C, 0x00, 0x00, 0x00, 0x03, 0xF2, 0x00, 0x00,
    0x8C, 0x00, 0x00, 0x00, 0x03, 0xF2, 0x00, 0x00, 0x8C, 0x00, 0x00, 0x00, 0x03, 0xF2, 0x00, 0x00,
    0x8F, 0xFF, 0xFF, 0xFF, 0xFF, 0xF2, 0x00, 0x00, 0x13, 0x33, 0x33, 0x33, 0x33, 0x30, 0x00, 0x00,
    0x8F, 0xFF, 0xFF, 0xFF, 0xFF, 0xF2, 0x00, 0x00, 0x8C, 0x33, 0x33, 0x33, 0x35, 0xF2, 0x00, 0x00,
    0x8C, 0x00, 0x00, 0x00, 0x03, 0xF2, 0x00, 0x00, 0x8C, 0x00, 0x00, 0x00, 0x03, 0xF2, 0x00, 0x00,
    0x8C, 0x00, 0x00, 0x00, 0x03, 0xF2, 0x00, 0x00, 0x8C, 0x00, 0x00, 0x00, 0x03, 0xF2, 0x00, 0x00,
    0x8C, 0x00, 0x00, 0x00, 0x03, 0xF2, 0x00, 0x00, 0x8C, 0x00, 0x00, 0x00, 0x03, 0xF2, 0x00, 0x00,
    0x8C, 0x00, 0x00, 0x00, 0x03, 0xF2, 0x00, 0x00, 0x8C, 0x00, 0x00, 0x00, 0x03, 0xF2, 0x00, 0x00,
    0x8C, 0x00, 0x00, 0x00, 0x03, 0xF2, 0x00, 0x00, 0x8C, 0x00, 0x00, 0x00, 0x03, 0xF2, 0x00, 0x00,
    0x8C, 0x00, 0x00, 0x00, 0x03, 0xF2, 0x00, 0x00, 0x8C, 0x00, 0x00, 0x00, 0x03, 0xF2, 0x00, 0x00,
    0x8C, 0x00, 0x00, 0x00, 0x03, 0xF2, 0x00, 0x00, 0x8C, 0x00, 0x00, 0x00, 0x03, 0xF2, 0x00, 0x00,
    0x8C, 0x00, 0x00, 0x00, 0x03, 0xF2, 0x00, 0x00, 0x8F, 0xFF, 0xFF, 0xFF, 0xFF, 0xF2, 0x00, 0x00,
    0x13, 0x33, 0x33, 0x33, 0x33, 0x30, 0x00, 0x00, 0x8F, 0xFF, 0xFF, 0xFF, 0xFF, 0xF2, 0x00, 0x00,
    0x8C, 0x33, 0x33, 0x33, 0x35, 0xF2, 0x00, 0x00, 0x8C, 0x00, 0x00, 0x00, 0x03, 0xF2, 0x00, 0x00,
    0x8C, 0x00, 0x00, 0x00, 0x03, 0xF2, 0x00, 0x00, 0x8C, 0x00, 0x00, 0x00, 0x03, 0xF2, 0x00, 0x00,
    0x8C, 0x00, 0x00, 0x00, 0x03, 0xF2, 0x00, 0x00, 0x8C, 0x00, 0x00, 0x00, 0x03, 0xF2, 0x00, 0x00,
    0x8C, 0x00, 0x00, 0x00, 0x03, 0xF2, 0x00, 0x00, 0x8C, 0x00, 0x00, 0x00, 0x03, 0xF2, 0x00, 0x00,
    0x8C, 0x00, 0x00, 0x00, 0x03, 0xF2, 0x00, 0x00, 0x8C, 0x00, 0x00, 0x00, 0x03, 0xF2, 0x00, 0x00,
    0x8C, 0x00, 0x00, 0x00, 0x03, 0xF2, 0x00, 0x00, 0x8C, 0x00, 0x00, 0x00, 0x03, 0xF2, 0x00, 0x00,
    0x8C, 0x00, 0x00, 0x00, 0x03, 0xF2, 0x00, 0x00, 0x8C, 0x00, 0x00, 0x00, 0x03, 0xF2, 0x00, 0x00,
    0x8C, 0x00, 0x00, 0x00, 0x03, 0xF2, 0x00, 0x00, 0x8C, 0x00, 0x00, 0x00, 0x03, 0xF2, 0x00, 0x00,
    0x8F, 0xFF, 0xFF, 0xFF, 0xFF, 0xF2, 0x00, 0x00, 0x13, 0x33, 0x33, 0x33, 0x33, 0x30, 0x00, 0x00,
    0x8F, 0xFF, 0xFF, 0xFF, 0xFF, 0xF2, 0x00, 0x00, 0x8C, 0x33, 0x33, 0x33, 0x35, 0xF2, 0x00, 0x00,
    0x8C, 0x00, 0x00, 0x00, 0x03, 0xF2, 0x00, 0x00, 0x8C, 0x00, 0x00, 0x00, 0x03, 0xF2, 0x00, 0x00,
    0x8C, 0x00, 0x00, 0x00, 0x03, 0xF2, 0x00, 0x00, 0x8C, 0x00, 0x00, 0x00, 0x03, 0xF2, 0x00, 0x00,
    0x8C, 0x00, 0x00, 0x00, 0x03, 0xF2, 0x00, 0x00, 0x8C, 0x00, 0x00, 0x00, 0x03, 0xF2, 0x00, 0x00,
    0x8C, 0x00, 0x00, 0x00, 0x03, 0xF2, 0x00, 0x00, 0x8C, 0x00, 0x00, 0x00, 0x03, 0xF2, 0x00, 0x00,
    0x8C, 0x00, 0x00, 0x00, 0x03, 0xF2, 0x00, 0x00, 0x8C, 0x00, 0x00, 0x00, 0x03, 0xF2, 0x00, 0x00,
    0x8C, 0x00, 0x00, 0x00, 0x03, 0xF2, 0x00, 0x00, 0x8C, 0x00, 0x00, 0x00, 0x03, 0xF2, 0x00, 0x00,
    0x8C, 0x00, 0x00, 0x00, 0x03, 0xF2, 0x00, 0x00, 0x8C, 0x00, 0x00, 0x00, 0x03, 0xF2, 0x00, 0x00,
    0x8C, 0x00, 0x00, 0x00, 0x03, 0xF2, 0x00, 0x00, 0x8F, 0xFF, 0xFF, 0xFF, 0xFF, 0xF2, 0x00, 0x00,
    0x13, 0x33, 0x33, 0x33, 0x33, 0x30, 0x00, 0x00, 0x8F, 0xFF, 0xFF, 0xFF, 0xFF, 0xF2, 0x00, 0x00,
    0x8C, 0x33, 0x33, 0x33, 0x35, 0xF2, 0x00, 0x00, 0x8C, 0x00, 0x00, 0x00, 0x03, 0xF2, 0x00, 0x00,
    0x8C, 0x00, 0x00, 0x00, 0x03, 0xF2, 0x00, 0x00, 0x8C, 0x00, 0x00, 0x00, 0x03, 0xF2, 0x00, 0x00,
    0x8C, 0x00, 0x00, 0x00, 0x03, 0xF2, 0x00, 0x00, 0x8C, 0x00, 0x00, 0x00, 0x03, 0xF2, 0x00, 0x00,
    0x8C, 0x00, 0x00, 0x00, 0x03, 0xF2, 0x00, 0x00, 0x8C, 0x00, 0x00, 0x00, 0x03, 0xF2, 0x00, 0x00,
    0x8C, 0x00, 0x00, 0x00, 0x03, 0xF2, 0x00, 0x00, 0x8C, 0x00, 0x00, 0x00, 0x03, 0xF2, 0x00, 0x00,
    0x8C, 0x00, 0x00, 0x00, 0x03, 0xF2, 0x00, 0x00, 0x8C, 0x00, 0x00, 0x00, 0x03, 0xF2, 0x00, 0x00,
    0x8C, 0x00, 0x00, 0x00, 0x03, 0xF2, 0x00, 0x00, 0x8C, 0x00, 0x00, 0x00, 0x03, 0xF2, 0x00, 0x00,
    0x8C, 0x00, 0x00, 0x00, 0x03, 0xF2, 0x00, 0x00, 0x8C, 0x00, 0x00, 0x00, 0x03, 0xF2, 0x00, 0x00,
    0x8F, 0xFF, 0xFF, 0xFF, 0xFF, 0xF2, 0x00, 0x00, 0x13, 0x33, 0x33, 0x33, 0x33, 0x30, 0x00, 0x00,
    0x8F, 0xFF, 0xFF, 0xFF, 0xFF, 0xF2, 0x00, 0x00, 0x8C, 0x33, 0x33, 0x33, 0x35, 0xF2, 0x00, 0x00,
    0x8C, 0x00, 0x00, 0x00, 0x03, 0xF2, 0x00, 0x00, 0x8C, 0x00, 0x00, 0x00, 0x03, 0xF2, 0x00, 0x00,
    0x8C, 0x00, 0x00, 0x00, 0x03, 0xF2, 0x00, 0x00, 0x8C, 0x00, 0x00, 0x00, 0x03, 0xF2, 0x00, 0x00,
    0x8C, 0x00, 0x00, 0x00, 0x03, 0xF2, 0x00, 0x00, 0x8C, 0x00, 0x00, 0x00, 0x03, 0xF2, 0x00, 0x00,
    0x8C, 0x00, 0x00, 0x00, 0x03, 0xF2, 0x00, 0x00, 0x8C, 0x00, 0x00, 0x00, 0x03, 0xF2, 0x00, 0x00,
    0x8C, 0x00, 0x00, 0x00, 0x03, 0xF2, 0x00, 0x00, 0x8C, 0x00, 0x00, 0x00, 0x03, 0xF2, 0x00, 0x00,
    0x8C, 0x00, 0x00, 0x00, 0x03, 0xF2, 0x00, 0x00, 0x8C, 0x00, 0x00, 0x00, 0x03, 0xF2, 0x00, 0x00,
    0x8C, 0x00, 0x00, 0x00, 0x03, 0xF2, 0x00, 0x00, 0x8C, 0x00, 0x00, 0x00, 0x03, 0xF2, 0x00, 0x00,
    0x8C, 0x00, 0x00, 0x00, 0x03, 0xF2, 0x00, 0x00, 0x8F, 0xFF, 0xFF, 0xFF, 0xFF, 0xF2, 0x00, 0x00,
    0x13, 0x33, 0x33, 0x33, 0x33, 0x30, 0x00, 0x00, 0x8F, 0xFF, 0xFF, 0xFF, 0xFF, 0xF2, 0x00, 0x00,
    0x8C, 0x33, 0x33, 0x33, 0x35, 0xF2, 0x00, 0x00, 0x8C, 0x00, 0x00, 0x00, 0x03, 0xF2, 0x00, 0x00,
    0x8C, 0x00, 0x00, 0x00, 0x03, 0xF2, 0x00, 0x00, 0x8C, 0x00, 0x00, 0x00, 0x03, 0xF2, 0x00, 0x00,
    0x8C, 0x00, 0x00, 0x00, 0x03, 0xF2, 0x00, 0x00, 0x8C, 0x00, 0x00, 0x00, 0x03, 0xF2, 0x00, 0x00,
    0x8C, 0x00, 0x00, 0x00, 0x03, 0xF2, 0x00, 0x00, 0x8C, 0x00, 0x00, 0x00, 0x03, 0xF2, 0x00, 0x00,
    0x8C, 0x00, 0x00, 0x00, 0x03, 0xF2, 0x00, 0x00, 0x8C, 0x00, 0x00, 0x00, 0x03, 0xF2, 0x00, 0x00,
    0x8C, 0x00, 0x00, 0x00, 0x03, 0xF2, 0x00, 0x00, 0x8C, 0x00, 0x00, 0x00, 0x03, 0xF2, 0x00, 0x00,
    0x8C, 0x00, 0x00, 0x00, 0x03, 0xF2, 0x00, 0x00, 0x8C, 0x00, 0x00, 0x00, 0x03, 0xF2, 0x00, 0x00,
    0x8C, 0x00, 0x00, 0x00, 0x03, 0xF2, 0x00, 0x00, 0x8C, 0x00, 0x00, 0x00, 0x03, 0xF2, 0x00, 0x00,
    0x8F, 0xFF, 0xFF, 0xFF, 0xFF, 0xF2, 0x00, 0x00, 0x13, 0x33, 0x33, 0x33, 0x33, 0x30, 0x00, 0x00,
    0x8F, 0xFF, 0xFF, 0xFF, 0xFF, 0xF2, 0x00, 0x00, 0x8C, 0x33, 0x33, 0x33, 0x35, 0xF2, 0x00, 0x00,
    0x8C, 0x00, 0x00, 0x00, 0x03, 0xF2, 0x00, 0x00, 0x8C, 0x00, 0x00, 0x00, 0x03, 0xF2, 0x00, 0x00,
    0x8C, 0x00, 0x00, 0x00, 0x03, 0xF2, 0x00, 0x00, 0x8C, 0x00, 0x00, 0x00, 0x03, 0xF2, 0x00, 0x00,
    0x8C, 0x00, 0x00, 0x00, 0x03, 0xF2, 0x00, 0x00, 0x8C, 0x00, 0x00, 0x00, 0x03, 0xF2, 0x00, 0x00,
    0x8C, 0x00, 0x00, 0x00, 0x03, 0xF2, 0x00, 0x00, 0x8C, 0x00, 0x00, 0x00, 0x03, 0xF2, 0x00, 0x00,
    0x8C, 0x00, 0x00, 0x00, 0x03, 0xF2, 0x00, 0x00, 0x8C, 0x00, 0x00, 0x00, 0x03, 0xF2, 0x00, 0x00,
    0x8C, 0x00, 0x00, 0x00, 0x03, 0xF2, 0x00, 0x00, 0x8C, 0x00, 0x00, 0x00, 0x03, 0xF2, 0x00, 0x00,
    0x8C, 0x00, 0x00, 0x00, 0x03, 0xF2, 0x00, 0x00, 0x8C, 0x00, 0x00, 0x00, 0x03, 0xF2, 0x00, 0x00,
    0x8C, 0x00, 0x00, 0x00, 0x03, 0xF2, 0x00, 0x00, 0x8F, 0xFF, 0xFF, 0xFF, 0xFF, 0xF2, 0x00, 0x00,
    0x13, 0x33, 0x33, 0x33, 0x33, 0x30, 0x00, 0x00, 0x8F, 0xFF, 0xFF, 0xFF, 0xFF, 0xF2, 0x00, 0x00,
    0x8C, 0x33, 0x33, 0x33, 0x35, 0xF2, 0x00, 0x00, 0x8C, 0x00, 0x00, 0x00, 0x03, 0xF2, 0x00, 0x00,
    0x8C, 0x00, 0x00, 0x00, 0x03, 0xF2, 0x00, 0x00, 0x8C, 0x00, 0x00, 0x00, 0x03, 0xF2, 0x00, 0x00,
    0x8C, 0x00, 0x00, 0x00, 0x03, 0xF2, 0x00, 0x00, 0x8C, 0x00, 0x00, 0x00, 0x03, 0xF2, 0x00, 0x00,
    0x8C, 0x00, 0x00, 0x00, 0x03, 0xF2, 0x00, 0x00, 0x8C, 0x00, 0x00, 0x00, 0x03, 0xF2, 0x00, 0x00,
    0x8C, 0x00, 0x00, 0x00, 0x03, 0xF2, 0x00, 0x00, 0x8C, 0x00, 0x00, 0x00, 0x03, 0xF2, 0x00, 0x00,
    0x8C, 0x00, 0x00, 0x00, 0x03, 0xF2, 0x00, 0x00, 0x8C, 0x00, 0x00, 0x00, 0x03, 0xF2, 0x00, 0x00,
    0x8C, 0x00, 0x00, 0x00, 0x03, 0xF2, 0x00, 0x00, 0x8C, 0x00, 0x00, 0x00, 0x03, 0xF2, 0x00, 0x00,
    0x8C, 0x00, 0x00, 0x00, 0x03, 0xF2, 0x00, 0x00, 0x8C, 0x00, 0x00, 0x00, 0x03, 0xF2, 0x00, 0x00,
    0x8F, 0xFF, 0xFF, 0xFF, 0xFF, 0xF2, 0x00, 0x00, 0x13, 0x33, 0x33, 0x33, 0x33, 0x30, 0x00, 0x00,
    0x8F, 0xFF, 0xFF, 0xFF, 0xFF, 0xF2, 0x00, 0x00, 0x8C, 0x33, 0x33, 0x33, 0x35, 0xF2, 0x00, 0x00,
    0x8C, 0x00, 0x00, 0x00, 0x03, 0xF2, 0x00, 0x00, 0x8C, 0x00, 0x00, 0x00, 0x03, 0xF2, 0x00, 0x00,
    0x8C, 0x00, 0x00, 0x00, 0x03, 0xF2, 0x00, 0x00, 0x8C, 0x00, 0x00, 0x00, 0x03, 0xF2, 0x00, 0x00,
    0x8C, 0x00, 0x00, 0x00, 0x03, 0xF2, 0x00, 0x00, 0x8C, 0x00, 0x00, 0x00, 0x03, 0xF2, 0x00, 0x00,
    0x8C, 0x00, 0x00, 0x00, 0x03, 0xF2, 0x00, 0x00, 0x8C, 0x00, 0x00, 0x00, 0x03, 0xF2, 0x00, 0x00,
    0x8C, 0x00, 0x00, 0x00, 0x03, 0xF2, 0x00, 0x00, 0x8C, 0x00, 0x00, 0x00, 0x03, 0xF2, 0x00, 0x00,
    0x8C, 0x00, 0x00, 0x00, 0x03, 0xF2, 0x00, 0x00, 0x8C, 0x00, 0x00, 0x00, 0x03, 0xF2, 0x00, 0x00,
    0x8C, 0x00, 0x00, 0x00, 0x03, 0xF2, 0x00, 0x00, 0x8C, 0x00, 0x00, 0x00, 0x03, 0xF2, 0x00, 0x00,
    0x8C, 0x00, 0x00, 0x00, 0x03, 0xF2, 0x00, 0x00, 0x8F, 0xFF, 0xFF, 0xFF, 0xFF, 0xF2, 0x00, 0x00,
    0x13, 0x33, 0x33, 0x33, 0x33, 0x30, 0x00, 0x00, 0x8F, 0xFF, 0xFF, 0xFF, 0xFF, 0xF2, 0x00, 0x00,
    0x8C, 0x33, 0x33, 0x33, 0x35, 0xF2, 0x00, 0x00, 0x8C, 0x00, 0x00, 0x00, 0x03, 0xF2, 0x00, 0x00,
    0x8C, 0x00, 0x00, 0x00, 0x03, 0xF2, 0x00, 0x00, 0x8C, 0x00, 0x00, 0x00, 0x03, 0xF2, 0x00, 0x00,
    0x8C, 0x00, 0x00, 0x00, 0x03, 0xF2, 0x00, 0x00, 0x8C, 0x00, 0x00, 0x00, 0x03, 0xF2, 0x00, 0x00,
    0x8C, 0x00, 0x00, 0x00, 0x03, 0xF2, 0x00, 0x00, 0x8C, 0x00, 0x00, 0x00, 0x03, 0xF2, 0x00, 0x00,
    0x8C, 0x00, 0x00, 0x00, 0x03, 0xF2, 0x00, 0x00, 0x8C, 0x00, 0x00, 0x00, 0x03, 0xF2, 0x00, 0x00,
    0x8C, 0x00, 0x00, 0x00, 0x03, 0xF2, 0x00, 0x00, 0x8C, 0x00, 0x00, 0x00, 0x03, 0xF2, 0x00, 0x00,
    0x8C, 0x00, 0x00, 0x00, 0x03, 0xF2, 0x00, 0x00, 0x8C, 0x00, 0x00, 0x00, 0x03, 0xF2, 0x00, 0x00,
    0x8C, 0x00, 0x00, 0x00, 0x03, 0xF2, 0x00, 0x00, 0x8C, 0x00, 0x00, 0x00, 0x03, 0xF2, 0x00, 0x00,
    0x8F, 0xFF, 0xFF, 0xFF, 0xFF, 0xF2, 0x00, 0x00, 0x13, 0x33, 0x33, 0x33, 0x33, 0x30, 0x00, 0x00,
    0x8F, 0xFF, 0xFF, 0xFF, 0xFF, 0xF2, 0x00, 0x00, 0x8C, 0x33, 0x33, 0x33, 0x35, 0xF2, 0x00, 0x00,
    0x8C, 0x00, 0x00, 0x00, 0x03, 0xF2, 0x00, 0x00, 0x8C, 0x00, 0x00, 0x00, 0x03, 0xF2, 0x00, 0x00,
    0x8C, 0x00, 0x00, 0x00, 0x03, 0xF2, 0x00, 0x00, 0x8C, 0x00, 0x00, 0x00, 0x03, 0xF2, 0x00, 0x00,
    0x8C, 0x00, 0x00, 0x00, 0x03, 0xF2, 0x00, 0x00, 0x8C, 0x00, 0x00, 0x00, 0x03, 0xF2, 0x00, 0x00,
    0x8C, 0x00, 0x00, 0x00, 0x03, 0xF2, 0x00, 0x00, 0x8C, 0x00, 0x00, 0x00, 0x03, 0xF2, 0x00, 0x00,
    0x8C, 0x00, 0x00, 0x00, 0x03, 0xF2, 0x00, 0x00, 0x8C, 0x00, 0x00, 0x00, 0x03, 0xF2, 0x00, 0x00,
    0x8C, 0x00, 0x00, 0x00, 0x03, 0xF2, 0x00, 0x00, 0x8C, 0x00, 0x00, 0x00, 0x03, 0xF2, 0x00, 0x00,
    0x8C, 0x00, 0x00, 0x00, 0x03, 0xF2, 0x00, 0x00, 0x8C, 0x00, 0x00, 0x00, 0x03, 0xF2, 0x00, 0x00,
    0x8C, 0x00, 0x00, 0x00, 0x03, 0xF2, 0x00, 0x00, 0x8F, 0xFF, 0xFF, 0xFF, 0xFF, 0xF2, 0x00, 0x00,
    0x13, 0x33, 0x33, 0x33, 0x33, 0x30, 0x00, 0x00, 0x8F, 0xFF, 0xFF, 0xFF, 0xFF, 0xF2, 0x00, 0x00,
    0x8C, 0x33, 0x33, 0x33, 0x35, 0xF2, 0x00, 0x00, 0x8C, 0x00, 0x00, 0x00, 0x03, 0xF2, 0x00, 0x00,
    0x8C, 0x00, 0x00, 0x00, 0x03, 0xF2, 0x00, 0x00, 0x8C, 0x00, 0x00, 0x00, 0x03, 0xF2, 0x00, 0x00,
    0x8C, 0x00, 0x00, 0x00, 0x03, 0xF2, 0x00, 0x00, 0x8C, 0x00, 0x00, 0x00, 0x03, 0xF2, 0x00, 0x00,
    0x8C, 0x00, 0x00, 0x00, 0x03, 0xF2, 0x00, 0x00, 0x8C, 0x00, 0x00, 0x00, 0x03, 0xF2, 0x00, 0x00,
    0x8C, 0x00, 0x00, 0x00, 0x03, 0xF2, 0x00, 0x00, 0x8C, 0x00, 0x00, 0x00, 0x03, 0xF2, 0x00, 0x00,
    0x8C, 0x00, 0x00, 0x00, 0x03, 0xF2, 0x00, 0x00, 0x8C, 0x00, 0x00, 0x00, 0x03, 0xF2, 0x00, 0x00,
    0x8C, 0x00, 0x00, 0x00, 0x03, 0xF2, 0x00, 0x00, 0x8C, 0x00, 0x00, 0x00, 0x03, 0xF2, 0x00, 0x00,
    0x8C, 0x00, 0x00, 0x00, 0x03, 0xF2, 0x00, 0x00, 0x8C, 0x00, 0x00, 0x00, 0x03, 0xF2, 0x00, 0x00,
    0x8F, 0xFF, 0xFF, 0xFF, 0xFF, 0xF2, 0x00, 0x00, 0x13, 0x33, 0x33, 0x33, 0x33, 0x30, 0x00, 0x00,
    0x8F, 0xFF, 0xFF, 0xFF, 0xFF, 0xF2, 0x00, 0x00, 0x8C, 0x33, 0x33, 0x33, 0x35, 0xF2, 0x00, 0x00,
    0x8C, 0x00, 0x00, 0x00, 0x03, 0xF2, 0x00, 0x00, 0x8C, 0x00, 0x00, 0x00, 0x03, 0xF2, 0x00, 0x00,
    0x8C, 0x00, 0x00, 0x00, 0x03, 0xF2, 0x00, 0x00, 0x8C, 0x00, 0x00, 0x00, 0x03, 0xF2, 0x00, 0x00,
    0x8C, 0x00, 0x00, 0x00, 0x03, 0xF2, 0x00, 0x00, 0x8C, 0x00, 0x00, 0x00, 0x03, 0xF2, 0x00, 0x00,
    0x8C, 0x00, 0x00, 0x00, 0x03, 0xF2, 0x00, 0x00, 0x8C, 0x00, 0x00, 0x00, 0x03, 0xF2, 0x00, 0x00,
    0x8C, 0x00, 0x00, 0x00, 0x03, 0xF2, 0x00, 0x00, 0x8C, 0x00, 0x00, 0x00, 0x03, 0xF2, 0x00, 0x00,
    0x8C, 0x00, 0x00, 0x00, 0x03, 0xF2, 0x00, 0x00, 0x8C, 0x00, 0x00, 0x00, 0x03, 0xF2, 0x00, 0x00,
    0x8C, 0x00, 0x00, 0x00, 0x03, 0xF2, 0x00, 0x00, 0x8C, 0x00, 0x00, 0x00, 0x03, 0xF2, 0x00, 0x00,
    0x8C, 0x00, 0x00, 0x00, 0x03, 0xF2, 0x00, 0x00, 0x8F, 0xFF, 0xFF, 0xFF, 0xFF, 0xF2, 0x00, 0x00,
    0x13, 0x33, 0x33, 0x33, 0x33, 0x30, 0x00, 0x00, 0x8F, 0xFF, 0xFF, 0xFF, 0xFF, 0xF2, 0x00, 0x00,
    0x8C, 0x33, 0x33, 0x33, 0x35, 0xF2, 0x00, 0x00, 0x8C, 0x00, 0x00, 0x00, 0x03, 0xF2, 0x00, 0x00,
    0x8C, 0x00, 0x00, 0x00, 0x03, 0xF2, 0x00, 0x00, 0x8C, 0x00, 0x00, 0x00, 0x03, 0xF2, 0x00, 0x00,
    0x8C, 0x00, 0x00, 0x00, 0x03, 0xF2, 0x00, 0x00, 0x8C, 0x00, 0x00, 0x00, 0x03, 0xF2, 0x00, 0x00,
    0x8C, 0x00, 0x00, 0x00, 0x03, 0xF2, 0x00, 0x00, 0x8C, 0x00, 0x00, 0x00, 0x03, 0xF2, 0x00, 0x00,
    0x8C, 0x00, 0x00, 0x00, 0x03, 0xF2, 0x00, 0x00, 0x8C, 0x00, 0x00, 0x00, 0x03, 0xF2, 0x00, 0x00,
    0x8C, 0x00, 0x00, 0x00, 0x03, 0xF2, 0x00, 0x00, 0x8C, 0x00, 0x00, 0x00, 0x03, 0xF2, 0x00, 0x00,
    0x8C, 0x00, 0x00, 0x00, 0x03, 0xF2, 0x00, 0x00, 0x8C, 0x00, 0x00, 0x00, 0x03, 0xF2, 0x00, 0x00,
    0x8C, 0x00, 0x00, 0x00, 0x03, 0xF2, 0x00, 0x00, 0x8C, 0x00, 0x00, 0x00, 0x03, 0xF2, 0x00, 0x00,
    0x8F, 0xFF, 0xFF, 0xFF, 0xFF, 0xF2, 0x00, 0x00, 0x13, 0x33, 0x33, 0x33, 0x33, 0x30, 0x00, 0x00,
    0x8F, 0xFF, 0xFF, 0xFF, 0xFF, 0xF2, 0x00, 0x00, 0x8C, 0x33, 0x33, 0x33, 0x35, 0xF2, 0x00, 0x00,
    0x8C, 0x00, 0x00, 0x00, 0x03, 0xF2, 0x00, 0x00, 0x8C, 0x00, 0x00, 0x00, 0x03, 0xF2, 0x00, 0x00,
    0x8C, 0x00, 0x00, 0x00, 0x03, 0xF2, 0x00, 0x00, 0x8C, 0x00, 0x00, 0x00, 0x03, 0xF2, 0x00, 0x00,
    0x8C, 0x00, 0x00, 0x00, 0x03, 0xF2, 0x00, 0x00, 0x8C, 0x00, 0x00, 0x00, 0x03, 0xF2, 0x00, 0x00,
    0x8C, 0x00, 0x00, 0x00, 0x03, 0xF2, 0x00, 0x00, 0x8C, 0x00, 0x00, 0x00, 0x03, 0xF2, 0x00, 0x00,
    0x8C, 0x00, 0x00, 0x00, 0x03, 0xF2, 0x00, 0x00, 0x8C, 0x00, 0x00, 0x00, 0x03, 0xF2, 0x00, 0x00,
    0x8C, 0x00, 0x00, 0x00, 0x03, 0xF2, 0x00, 0x00, 0x8C, 0x00, 0x00, 0x00, 0x03, 0xF2, 0x00, 0x00,
    0x8C, 0x00, 0x00, 0x00, 0x03, 0xF2, 0x00, 0x00, 0x8C, 0x00, 0x00, 0x00, 0x03, 0xF2, 0x00, 0x00,
    0x8C, 0x00, 0x00, 0x00, 0x03, 0xF2, 0x00, 0x00, 0x8F, 0xFF, 0xFF, 0xFF, 0xFF, 0xF2, 0x00, 0x00,
    0x13, 0x33, 0x33, 0x33, 0x33, 0x30, 0x00, 0x00, 0x8F, 0xFF, 0xFF, 0xFF, 0xFF, 0xF2, 0x00, 0x00,
    0x8C, 0x33, 0x33, 0x33, 0x35, 0xF2, 0x00, 0x00, 0x8C, 0x00, 0x00, 0x00, 0x03, 0xF2, 0x00, 0x00,
    0x8C, 0x00, 0x00, 0x00, 0x03, 0xF2, 0x00, 0x00, 0x8C, 0x00, 0x00, 0x00, 0x03, 0xF2, 0x00, 0x00,
    0x8C, 0x00, 0x00, 0x00, 0x03, 0xF2, 0x00, 0x00, 0x8C, 0x00, 0x00, 0x00, 0x03, 0xF2, 0x00, 0x00,
    0x8C, 0x00, 0x00, 0x00, 0x03, 0xF2, 0x00, 0x00, 0x8C, 0x00, 0x00, 0x00, 0x03, 0xF2, 0x00, 0x00,
    0x8C, 0x00, 0x00, 0x00, 0x03, 0xF2, 0x00, 0x00, 0x8C, 0x00, 0x00, 0x00, 0x03, 0xF2, 0x00, 0x00,
    0x8C, 0x00, 0x00, 0x00, 0x03, 0xF2, 0x00, 0x00, 0x8C, 0x00, 0x00, 0x00, 0x03, 0xF2, 0x00, 0x00,
    0x8C, 0x00, 0x00, 0x00, 0x03, 0xF2, 0x00, 0x00, 0x8C, 0x00, 0x00, 0x00, 0x03, 0xF2, 0x00, 0x00,
    0x8C, 0x00, 0x00, 0x00, 0x03, 0xF2, 0x00, 0x00, 0x8C, 0x00, 0x00, 0x00, 0x03, 0xF2, 0x00, 0x00,
    0x8F, 0xFF, 0xFF, 0xFF, 0xFF, 0xF2, 0x00, 0x00, 0x13, 0x33, 0x33, 0x33, 0x33, 0x30, 0x00, 0x00,
    0x8F, 0xFF, 0xFF, 0xFF, 0xFF, 0xF2, 0x00, 0x00, 0x8C, 0x33, 0x33, 0x33, 0x35, 0xF2, 0x00, 0x00,
    0x8C, 0x00, 0x00, 0x00, 0x03, 0xF2, 0x00, 0x00, 0x8C, 0x00, 0x00, 0x00, 0x03, 0xF2, 0x00, 0x00,
    0x8C, 0x00, 0x00, 0x00, 0x03, 0xF2, 0x00, 0x00, 0x8C, 0x00, 0x00, 0x00, 0x03, 0xF2, 0x00, 0x00,
    0x8C, 0x00, 0x00, 0x00, 0x03, 0xF2, 0x00, 0x00, 0x8C, 0x00, 0x00, 0x00, 0x03, 0xF2, 0x00, 0x00,
    0x8C, 0x00, 0x00, 0x00, 0x03, 0xF2, 0x00, 0x00, 0x8C, 0x00, 0x00, 0x00, 0x03, 0xF2, 0x00, 0x00,
    0x8C, 0x00, 0x00, 0x00, 0x03, 0xF2, 0x00, 0x00, 0x8C, 0x00, 0x00, 0x00, 0x03, 0xF2, 0x00, 0x00,
    0x8C, 0x00, 0x00, 0x00, 0x03, 0xF2, 0x00, 0x00, 0x8C, 0x00, 0x00, 0x00, 0x03, 0xF2, 0x00, 0x00,
    0x8C, 0x00, 0x00, 0x00, 0x03, 0xF2, 0x00, 0x00, 0x8C, 0x00, 0x00, 0x00, 0x03, 0xF2, 0x00, 0x00,
    0x8C, 0x00, 0x00, 0x00, 0x03, 0xF2, 0x00, 0x00, 0x8F, 0xFF, 0xFF, 0xFF, 0xFF, 0xF2, 0x00, 0x00,
    0x13, 0x33, 0x33, 0x33, 0x33, 0x30, 0x00, 0x00, 0x8F, 0xFF, 0xFF, 0xFF, 0xFF, 0xF2, 0x00, 0x00,
    0x8C, 0x33, 0x33, 0x33, 0x35, 0xF2, 0x00, 0x00, 0x8C, 0x00, 0x00, 0x00, 0x03, 0xF2, 0x00, 0x00,
    0x8C, 0x00, 0x00, 0x00, 0x03, 0xF2, 0x00, 0x00, 0x8C, 0x00, 0x00, 0x00, 0x03, 0xF2, 0x00, 0x00,
    0x8C, 0x00, 0x00, 0x00, 0x03, 0xF2, 0x00, 0x00, 0x8C, 0x00, 0x00, 0x00, 0x03, 0xF2, 0x00, 0x00,
    0x8C, 0x00, 0x00, 0x00, 0x03, 0xF2, 0x00, 0x00, 0x8C, 0x00, 0x00, 0x00, 0x03, 0xF2, 0x00, 0x00,
    0x8C, 0x00, 0x00, 0x00, 0x03, 0xF2, 0x00, 0x00, 0x8C, 0x00, 0x00, 0x00, 0x03, 0xF2, 0x00, 0x00,
    0x8C, 0x00, 0x00, 0x00, 0x03, 0xF2, 0x00, 0x00, 0x8C, 0x00, 0x00, 0x00, 0x03, 0xF2, 0x00, 0x00,
    0x8C, 0x00, 0x00, 0x00, 0x03, 0xF2, 0x00, 0x00, 0x8C, 0x00, 0x00, 0x00, 0x03, 0xF2, 0x00, 0x00,
    0x8C, 0x00, 0x00, 0x00, 0x03, 0xF2, 0x00, 0x00, 0x8C, 0x00, 0x00, 0x00, 0x03, 0xF2, 0x00, 0x00,
    0x8F, 0xFF, 0xFF, 0xFF, 0xFF, 0xF2, 0x00, 0x00, 0x13, 0x33, 0x33, 0x33, 0x33, 0x30, 0x00, 0x00,
    0x8F, 0xFF, 0xFF, 0xFF, 0xFF, 0xF2, 0x00, 0x00, 0x8C, 0x33, 0x33, 0x33, 0x35, 0xF2, 0x00, 0x00,
    0x8C, 0x00, 0x00, 0x00, 0x03, 0xF2, 0x00, 0x00, 0x8C, 0x00, 0x00, 0x00, 0x03, 0xF2, 0x00, 0x00,
    0x8C, 0x00, 0x00, 0x00, 0x03, 0xF2, 0x00, 0x00, 0x8C, 0x00, 0x00, 0x00, 0x03, 0xF2, 0x00, 0x00,
    0x8C, 0x00, 0x00, 0x00, 0x03, 0xF2, 0x00, 0x00, 0x8C, 0x00, 0x00, 0x00, 0x03, 0xF2, 0x00, 0x00,
    0x8C, 0x00, 0x00, 0x00, 0x03, 0xF2, 0x00, 0x00, 0x8C, 0x00, 0x00, 0x00, 0x03, 0xF2, 0x00, 0x00,
    0x8C, 0x00, 0x00, 0x00, 0x03, 0xF2, 0x00, 0x00, 0x8C, 0x00, 0x00, 0x00, 0x03, 0xF2, 0x00, 0x00,
    0x8C, 0x00, 0x00, 0x00, 0x03, 0xF2, 0x00, 0x00, 0x8C, 0x00, 0x00, 0x00, 0x03, 0xF2, 0x00, 0x00,
    0x8C, 0x00, 0x00, 0x00, 0x03, 0xF2, 0x00, 0x00, 0x8C, 0x00, 0x00, 0x00, 0x03, 0xF2, 0x00, 0x00,
    0x8C, 0x00, 0x00, 0x00, 0x03, 0xF2, 0x00, 0x00, 0x8F, 0xFF, 0xFF, 0xFF, 0xFF, 0xF2, 0x00, 0x00,
    0x13, 0x33, 0x33, 0x33, 0x33, 0x30, 0x00, 0x00, 0x8F, 0xFF, 0xFF, 0xFF, 0xFF, 0xF2, 0x00, 0x00,
    0x8C, 0x33, 0x33, 0x33, 0x35, 0xF2, 0x00, 0x00, 0x8C, 0x00, 0x00, 0x00, 0x03, 0xF2, 0x00, 0x00,
    0x8C, 0x00, 0x00, 0x00, 0x03, 0xF2, 0x00, 0x00, 0x8C, 0x00, 0x00, 0x00, 0x03, 0xF2, 0x00, 0x00,
    0x8C, 0x00, 0x00, 0x00, 0x03, 0xF2, 0x00, 0x00, 0x8C, 0x00, 0x00, 0x00, 0x03, 0xF2, 0x00, 0x00,
    0x8C, 0x00, 0x00, 0x00, 0x03, 0xF2, 0x00, 0x00, 0x8C, 0x00, 0x00, 0x00, 0x03, 0xF2, 0x00, 0x00,
    0x8C, 0x00, 0x00, 0x00, 0x03, 0xF2, 0x00, 0x00, 0x8C, 0x00, 0x00, 0x00, 0x03, 0xF2, 0x00, 0x00,
    0x8C, 0x00, 0x00, 0x00, 0x03, 0xF2, 0x00, 0x00, 0x8C, 0x00, 0x00, 0x00, 0x03, 0xF2, 0x00, 0x00,
    0x8C, 0x00, 0x00, 0x00, 0x03, 0xF2, 0x00, 0x00, 0x8C, 0x00, 0x00, 0x00, 0x03, 0xF2, 0x00, 0x00,
    0x8C, 0x00, 0x00, 0x00, 0x03, 0xF2, 0x00, 0x00, 0x8C, 0x00, 0x00, 0x00, 0x03, 0xF2, 0x00, 0x00,
    0x8F, 0xFF, 0xFF, 0xFF, 0xFF, 0xF2, 0x00, 0x00, 0x13, 0x33, 0x33, 0x33, 0x33, 0x30, 0x00, 0x00,
    0x8F, 0xFF, 0xFF, 0xFF, 0xFF, 0xF2, 0x00, 0x00, 0x8C, 0x33, 0x33, 0x33, 0x35, 0xF2, 0x00, 0x00,
    0x8C, 0x00, 0x00, 0x00, 0x03, 0xF2, 0x00, 0x00, 0x8C, 0x00, 0x00, 0x00, 0x03, 0xF2, 0x00, 0x00,
    0x8C, 0x00, 0x00, 0x00, 0x03, 0xF2, 0x00, 0x00, 0x8C, 0x00, 0x00, 0x00, 0x03, 0xF2, 0x00, 0x00,
    0x8C, 0x00, 0x00, 0x00, 0x03, 0xF2, 0x00, 0x00, 0x8C, 0x00, 0x00, 0x00, 0x03, 0xF2, 0x00, 0x00,
    0x8C, 0x00, 0x00, 0x00, 0x03, 0xF2, 0x00, 0x00, 0x8C, 0x00, 0x00, 0x00, 0x03, 0xF2, 0x00, 0x00,
    0x8C, 0x00, 0x00, 0x00, 0x03, 0xF2, 0x00, 0x00, 0x8C, 0x00, 0x00, 0x00, 0x03, 0xF2, 0x00, 0x00,
    0x8C, 0x00, 0x00, 0x00, 0x03, 0xF2, 0x00, 0x00, 0x8C, 0x00, 0x00, 0x00, 0x03, 0xF2, 0x00, 0x00,
    0x8C, 0x00, 0x00, 0x00, 0x03, 0xF2, 0x00, 0x00, 0x8C, 0x00, 0x00, 0x00, 0x03, 0xF2, 0x00, 0x00,
    0x8C, 0x00, 0x00, 0x00, 0x03, 0xF2, 0x00, 0x00, 0x8F, 0xFF, 0xFF, 0xFF, 0xFF, 0xF2, 0x00, 0x00,
    0x13, 0x33, 0x33, 0x33, 0x33, 0x30, 0x00, 0x00, 0x8F, 0xFF, 0xFF, 0xFF, 0xFF, 0xF2, 0x00, 0x00,
    0x8C, 0x33, 0x33, 0x33, 0x35, 0xF2, 0x00, 0x00, 0x8C, 0x00, 0x00, 0x00, 0x03, 0xF2, 0x00, 0x00,
    0x8C, 0x00, 0x00, 0x00, 0x03, 0xF2, 0x00, 0x00, 0x8C, 0x00, 0x00, 0x00, 0x03, 0xF2, 0x00, 0x00,
    0x8C, 0x00, 0x00, 0x00, 0x03, 0xF2, 0x00, 0x00, 0x8C, 0x00, 0x00, 0x00, 0x03, 0xF2, 0x00, 0x00,
    0x8C, 0x00, 0x00, 0x00, 0x03, 0xF2, 0x00, 0x00, 0x8C, 0x00, 0x00, 0x00, 0x03, 0xF2, 0x00, 0x00,
    0x8C, 0x00, 0x00, 0x00, 0x03, 0xF2, 0x00, 0x00, 0x8C, 0x00, 0x00, 0x00, 0x03, 0xF2, 0x00, 0x00,
    0x8C, 0x00, 0x00, 0x00, 0x03, 0xF2, 0x00, 0x00, 0x8C, 0x00, 0x00, 0x00, 0x03, 0xF2, 0x00, 0x00,
    0x8C, 0x00, 0x00, 0x00, 0x03, 0xF2, 0x00, 0x00, 0x8C, 0x00, 0x00, 0x00, 0x03, 0xF2, 0x00, 0x00,
    0x8C, 0x00, 0x00, 0x00, 0x03, 0xF2, 0x00, 0x00, 0x8C, 0x00, 0x00, 0x00, 0x03, 0xF2, 0x00, 0x00,
    0x8F, 0xFF, 0xFF, 0xFF, 0xFF, 0xF2, 0x00, 0x00, 0x13, 0x33, 0x33, 0x33, 0x33, 0x30, 0x00, 0x00,
    0xAE, 0xA0, 0x00, 0x1F, 0xFF, 0x10, 0x00, 0xAF, 0xA0, 0x00, 0x00, 0x00, 0x00, 0x00, 0x00, 0x00,
    0x00, 0x05, 0xF4, 0x00, 0x00, 0x6F, 0x40, 0x00, 0x06, 0xF5, 0x00, 0x00, 0x7F, 0x60, 0x00, 0x08,
    0xF7, 0x00, 0x00, 0x9F, 0x70, 0x00, 0x09, 0xF8, 0x00, 0x00, 0xAF, 0x90, 0x00, 0x0B, 0xFA, 0x00,
    0x00, 0xCF, 0xA0, 0x00, 0x0C, 0xFB, 0x00, 0x00, 0xDF, 0xC0, 0x00, 0x0E, 0xFD, 0x00, 0x00, 0x00,
    0x00, 0x09, 0xF3, 0x00, 0x00, 0x00, 0x00, 0x00, 0x28, 0xDF, 0xDB, 0x72, 0x00, 0x00, 0x00, 0x6F,
    0xFF, 0xFF, 0xFF, 0x60, 0x00, 0x00, 0x5F, 0xFA, 0x30, 0x14, 0x81, 0x00, 0x00, 0x0D, 0xFA, 0x00,
    0x00, 0x00, 0x00, 0x00, 0x04, 0xFF, 0x20, 0x00, 0x00, 0x00, 0x00, 0x00, 0x7F, 0xD0, 0x00, 0x00,
    0x00, 0x00, 0x00, 0x08, 0xFB, 0x00, 0x00, 0x00, 0x00, 0x00, 0x00, 0x9F, 0xB0, 0x00, 0x00, 0x00,
    0x00, 0x00, 0x09, 0xFB, 0x00, 0x00, 0x00, 0x00, 0x00, 0x00, 0x7F, 0xD0, 0x00, 0x00, 0x00, 0x00,
    0x00, 0x04, 0xFF, 0x20, 0x00, 0x00, 0x00, 0x00, 0x00, 0x1E, 0xF9, 0x00, 0x00, 0x00, 0x00, 0x00,
    0x00, 0x6F, 0xF9, 0x30, 0x13, 0x74, 0x00, 0x00, 0x00, 0x8F, 0xFF, 0xFF, 0xFF, 0x60, 0x00, 0x00,
    0x00, 0x39, 0xEF, 0xDB, 0x71, 0x00, 0x00, 0x00, 0x00, 0x09, 0xF2, 0x00, 0x00, 0x00, 0x00, 0x00,
    0x00, 0x9F, 0x20, 0x00, 0x00, 0x00, 0x00, 0x04, 0xAE, 0xFE, 0xC9, 0x40, 0x00, 0x00, 0x07, 0xFF,
    0xFE, 0xEF, 0xFF, 0x10, 0x00, 0x02, 0xFF, 0x91, 0x00, 0x27, 0x80, 0x00, 0x00, 0x7F, 0xE0, 0x00,
    0x00, 0x00, 0x00, 0x00, 0x09, 0xFB, 0x00, 0x00, 0x00, 0x00, 0x00, 0x00, 0x9F, 0xA0, 0x00, 0x00,
    0x00, 0x00, 0x00, 0x09, 0xFA, 0x00, 0x00, 0x00, 0x00, 0x00, 0x00, 0x9F, 0xA0, 0x00, 0x00, 0x00,
    0x00, 0x1F, 0xFF, 0xFF, 0xFF, 0xFF, 0xF0, 0x00, 0x01, 0xDD, 0xEF, 0xED, 0xDD, 0xDD, 0x00, 0x00,
    0x00, 0x09, 0xFA, 0x00, 0x00, 0x00, 0x00, 0x00, 0x00, 0x9F, 0xA0, 0x00, 0x00, 0x00, 0x00, 0x00,
    0x09, 0xFA, 0x00, 0x00, 0x00, 0x00, 0x00, 0x00, 0xBF, 0x90, 0x00, 0x00, 0x00, 0x00, 0x00, 0x1E,
    0xF5, 0x00, 0x00, 0x00, 0x00, 0x00, 0x1A, 0xF9, 0x00, 0x00, 0x00, 0x00, 0x00, 0x2E, 0xFF, 0xDD,
    0xDD, 0xDD, 0xDD, 0xDC, 0x03, 0xFF, 0xFF, 0xFF, 0xFF, 0xFF, 0xFF, 0xE0, 0x00, 0x62, 0x00, 0x00,
    0x00, 0x04, 0x40, 0x00, 0x3F, 0xD3, 0x8D, 0xFD, 0x64, 0xEE, 0x10, 0x00, 0x8F, 0xFF, 0xFE, 0xFF,
    0xFF, 0x60, 0x00, 0x00, 0xEF, 0x71, 0x01, 0x9F, 0xC0, 0x00, 0x00, 0x5F, 0x80, 0x00, 0x00, 0xAF,
    0x30, 0x00, 0x09, 0xF2, 0x00, 0x00, 0x04, 0xF7, 0x00, 0x00, 0x9F, 0x20, 0x00, 0x00, 0x4F, 0x70,
    0x00, 0x05, 0xF8, 0x00, 0x00, 0x09, 0xF4, 0x00, 0x00, 0x0E, 0xF7, 0x10, 0x18, 0xFC, 0x00, 0x00,
    0x08, 0xFF, 0xFF, 0xEF, 0xFF, 0xF5, 0x00, 0x03, 0xFE, 0x38, 0xDE, 0xC7, 0x5F, 0xE1, 0x00, 0x06,
    0x20, 0x00, 0x00, 0x00, 0x45, 0x00, 0x00, 0x00, 0x00, 0x00, 0x00, 0x00, 0x00, 0x00, 0x00, 0x00,
    0x00, 0x00, 0x00, 0x00, 0x00, 0x00, 0x00, 0x00, 0x00, 0x00, 0x00, 0x00, 0x00, 0x5F, 0xE1, 0x00,
    0x00, 0x00, 0x03, 0xFF, 0x30, 0xCF, 0x80, 0x00, 0x00, 0x00, 0xBF, 0x90, 0x03, 0xFE, 0x10, 0x00,
    0x00, 0x3F, 0xE1, 0x00, 0x0A, 0xF8, 0x00, 0x00, 0x0B, 0xF7, 0x00, 0x00, 0x2F, 0xF2, 0x00, 0x04,
    0xFD, 0x00, 0x00, 0x00, 0x8F, 0x90, 0x00, 0xBF, 0x50, 0x00, 0x00, 0x01, 0xEF, 0x20, 0x4F, 0xB0,
    0x00, 0x00, 0x00, 0x06, 0xF9, 0x0C, 0xF3, 0x00, 0x00, 0x00, 0x00, 0x0C, 0xF6, 0xF9, 0x00, 0x00,
    0x00, 0x08, 0xDD, 0xEF, 0xFF, 0xED, 0xD6, 0x00, 0x00, 0xAF, 0xFF, 0xFF, 0xFF, 0xFF, 0x70, 0x00,
    0x00, 0x00, 0x0B, 0xF8, 0x00, 0x00, 0x00, 0x00, 0x00, 0x00, 0xBF, 0x80, 0x00, 0x00, 0x00, 0x0A,
    0xFF, 0xFF, 0xFF, 0xFF, 0xF7, 0x00, 0x00, 0x8D, 0xDD, 0xEF, 0xED, 0xDD, 0x60, 0x00, 0x00, 0x00,
    0x0B, 0xF8, 0x00, 0x00, 0x00, 0x00, 0x00, 0x00, 0xBF, 0x80, 0x00, 0x00, 0x00, 0x00, 0x00, 0x0B,
    0xF8, 0x00, 0x00, 0x00, 0x00, 0x00, 0x00, 0xCF, 0x20, 0x00, 0x00, 0x00, 0x00, 0x00, 0xCF, 0x20,
    0x00, 0x00, 0x00, 0x00, 0x00, 0xCF, 0x20, 0x00, 0x00, 0x00, 0x00, 0x00, 0xCF, 0x20, 0x00, 0x00,
    0x00, 0x00, 0x00, 0xCF, 0x20, 0x00, 0x00, 0x00, 0x00, 0x00, 0xCF, 0x20, 0x00, 0x00, 0x00, 0x00,
    0x00, 0xCF, 0x20, 0x00, 0x00, 0x00, 0x00, 0x00, 0xCF, 0x20, 0x00, 0x00, 0x00, 0x00, 0x00, 0xCF,
    0x20, 0x00, 0x00, 0x00, 0x00, 0x00, 0xCF, 0x20, 0x00, 0x00, 0x00, 0x00, 0x00, 0x00, 0x00, 0x00,
    0x00, 0x00, 0x00, 0x00, 0x00, 0x00, 0x00, 0x00, 0x00, 0x00, 0x00, 0x00, 0x00, 0x00, 0x00, 0x00,
    0x00, 0x00, 0x00, 0x00, 0x00, 0x00, 0x00, 0x00, 0x00, 0x00, 0x00, 0x00, 0x00, 0x00, 0x00, 0x00,
    0xCF, 0x20, 0x00, 0x00, 0x00, 0x00, 0x00, 0xCF, 0x20, 0x00, 0x00, 0x00, 0x00, 0x00, 0xCF, 0x20,
    0x00, 0x00, 0x00, 0x00, 0x00, 0xCF, 0x20, 0x00, 0x00, 0x00, 0x00, 0x00, 0xCF, 0x20, 0x00, 0x00,
    0x00, 0x00, 0x00, 0xCF, 0x20, 0x00, 0x00, 0x00, 0x00, 0x00, 0xCF, 0x20, 0x00, 0x00, 0x00, 0x00,
    0x00, 0xCF, 0x20, 0x00, 0x00, 0x00, 0x00, 0x00, 0xCF, 0x20, 0x00, 0x00, 0x00, 0x00, 0x00, 0xCF,
    0x20, 0x00, 0x00, 0x00, 0x04, 0xAD, 0xFF, 0xDA, 0x51, 0x00, 0x07, 0xFF, 0xFE, 0xEF, 0xFF, 0x30,
    0x01, 0xFF, 0x60, 0x00, 0x16, 0xA0, 0x00, 0x2F, 0xF1, 0x00, 0x00, 0x00, 0x00, 0x00, 0xEF, 0xB2,
    0x00, 0x00, 0x00, 0x00, 0x04, 0xEF, 0xFB, 0x50, 0x00, 0x00, 0x00, 0x0A, 0xFF, 0xFF, 0xE7, 0x00,
    0x00, 0x0A, 0xF8, 0x14, 0xAF, 0xFC, 0x10, 0x02, 0xFC, 0x00, 0x00, 0x3D, 0xF7, 0x00, 0x3F, 0xC0,
    0x00, 0x00, 0x7F, 0x90, 0x01, 0xEF, 0x81, 0x00, 0x08, 0xF7, 0x00, 0x04, 0xEF, 0xE8, 0x26, 0xFD,
    0x10, 0x00, 0x01, 0x8E, 0xFF, 0xFE, 0x20, 0x00, 0x00, 0x00, 0x04, 0xAF, 0xFB, 0x00, 0x00, 0x00,
    0x00, 0x00, 0x3E, 0xF6, 0x00, 0x00, 0x00, 0x00, 0x00, 0xAF, 0x80, 0x05, 0x73, 0x00, 0x00, 0x5E,
    0xF6, 0x00, 0x7F, 0xFF, 0xED, 0xFF, 0xFB, 0x00, 0x01, 0x6B, 0xEF, 0xFD, 0xB5, 0x00, 0x00, 0x00,
    0x00, 0x9B, 0x10, 0x0A, 0xA0, 0x00, 0x00, 0x00, 0x1F, 0xF4, 0x03, 0xFF, 0x20, 0x00, 0x00, 0x00,
    0xBD, 0x10, 0x1D, 0xC0, 0x00, 0x00, 0x00, 0x00, 0x00, 0x00, 0x00, 0x00, 0x00, 0x00, 0x00, 0x00,
    0x00, 0x00, 0x00, 0x00, 0x00, 0x00, 0x00, 0x00, 0x00, 0x00, 0x00, 0x00, 0x00, 0x00, 0x00, 0x00,
    0x00, 0x00, 0x00, 0x00, 0x00, 0x00, 0x00, 0x00, 0x00, 0x00, 0x00, 0x00, 0x00, 0x00, 0x00, 0x00,
    0x00, 0x00, 0x00, 0x00, 0x00, 0x00, 0x00, 0x00, 0x00, 0x00, 0x00, 0x00, 0x00, 0x00, 0x00, 0x00,
    0x00, 0x00, 0x00, 0x00, 0x00, 0x00, 0x00, 0x00, 0x00, 0x00, 0x00, 0x00, 0x00, 0x00, 0x00, 0x00,
    0x00, 0x00, 0x00, 0x00, 0x00, 0x00, 0x00, 0x00, 0x00, 0x00, 0x00, 0x00, 0x00, 0x00, 0x00, 0x00,
    0x00, 0x00, 0x00, 0x00, 0x00, 0x00, 0x00, 0x00, 0x00, 0x00, 0x00, 0x00, 0x00, 0x00, 0x00, 0x00,
    0x00, 0x00, 0x00, 0x00, 0x00, 0x00, 0x00, 0x00, 0x00, 0x00, 0x00, 0x00, 0x00, 0x00, 0x00, 0x00,
    0x00, 0x17, 0xBD, 0xFE, 0xD9, 0x40, 0x00, 0x00, 0x00, 0x00, 0x00, 0x08, 0xEF, 0xFF, 0xEE, 0xFF,
    0xFC, 0x30, 0x00, 0x00, 0x00, 0x01, 0xBF, 0xE8, 0x30, 0x00, 0x15, 0xBF, 0xF5, 0x00, 0x00, 0x00,
    0x0B, 0xFA, 0x10, 0x00, 0x00, 0x00, 0x04, 0xEF, 0x40, 0x00, 0x00, 0x6F, 0x90, 0x00, 0x3A, 0xEE,
    0xD8, 0x20, 0x2E, 0xE1, 0x00, 0x00, 0xDC, 0x00, 0x06, 0xFF, 0xFE, 0xFF, 0x30, 0x05, 0xF7, 0x00,
    0x04, 0xF5, 0x00, 0x2E, 0xF7, 0x00, 0x15, 0x00, 0x00, 0xCD, 0x00, 0x08, 0xE0, 0x00, 0x8F, 0xA0,
    0x00, 0x00, 0x00, 0x00, 0x6F, 0x20, 0x0A, 0xC0, 0x00, 0xCF, 0x40, 0x00, 0x00, 0x00, 0x00, 0x3F,
    0x40, 0x0A, 0xB0, 0x00, 0xDF, 0x20, 0x00, 0x00, 0x00, 0x00, 0x2F, 0x50, 0x0A, 0xC0, 0x00, 0xDF,
    0x30, 0x00, 0x00, 0x00, 0x00, 0x3F, 0x40, 0x08, 0xF1, 0x00, 0xCF, 0x40, 0x00, 0x00, 0x00, 0x00,
    0x6F, 0x20, 0x04, 0xF6, 0x00, 0x8F, 0xA0, 0x00, 0x00, 0x00, 0x00, 0xBD, 0x00, 0x00, 0xDD, 0x10,
    0x2F, 0xF7, 0x10, 0x26, 0x00, 0x04, 0xF8, 0x00, 0x00, 0x6F, 0xA0, 0x06, 0xFF, 0xFF, 0xFF, 0x10,
    0x2E, 0xE1, 0x00, 0x00, 0x0B, 0xFB, 0x10, 0x39, 0xCD, 0xB6, 0x04, 0xEF, 0x50, 0x00, 0x00, 0x01,
    0xBF, 0xE8, 0x30, 0x00, 0x15, 0xBF, 0xF7, 0x00, 0x00, 0x00, 0x00, 0x08, 0xEF, 0xFF, 0xEE, 0xFF,
    0xFD, 0x40, 0x00, 0x00, 0x00, 0x00, 0x00, 0x17, 0xBD, 0xFE, 0xDA, 0x50, 0x00, 0x00, 0x00, 0x04,
    0xAD, 0xFD, 0xA1, 0x00, 0x38, 0x43, 0x5E, 0xB0, 0x00, 0x00, 0x00, 0xAE, 0x00, 0x29, 0xDE, 0xFF,
    0xF0, 0x0D, 0xE6, 0x32, 0xAF, 0x02, 0xF8, 0x00, 0x0B, 0xF0, 0x1F, 0xB1, 0x17, 0xFF, 0x00, 0x6E,
    0xFF, 0xA8, 0xF0, 0x00, 0x02, 0x10, 0x12, 0x00, 0x00, 0x00, 0x00, 0x00, 0x00, 0x00, 0x00, 0x00,
    0x00, 0x00, 0x00, 0x00, 0x00, 0x00, 0x00, 0x00, 0x00, 0x00, 0x00, 0x00, 0x00, 0x00, 0x00, 0x00,
    0x00, 0x00, 0x00, 0x00, 0x00, 0x00, 0x00, 0x00, 0x00, 0x00, 0x00, 0x00, 0x00, 0x00, 0x00, 0x00,
    0x00, 0x00, 0x00, 0x00, 0x00, 0x00, 0x00, 0x01, 0x00, 0x00, 0x10, 0x00, 0x00, 0x04, 0xF9, 0x00,
    0x2E, 0xB1, 0x00, 0x02, 0xEF, 0x60, 0x1C, 0xF8, 0x00, 0x01, 0xCF, 0x80, 0x0B, 0xFB, 0x00, 0x00,
    0xBF, 0xB0, 0x08, 0xFD, 0x10, 0x00, 0x8F, 0xD1, 0x06, 0xFE, 0x20, 0x00, 0x0B, 0xFB, 0x00, 0x9F,
    0xD1, 0x00, 0x00, 0x1D, 0xF8, 0x00, 0xCF, 0xA0, 0x00, 0x00, 0x3E, 0xF5, 0x01, 0xDF, 0x80, 0x00,
    0x00, 0x5F, 0xE3, 0x03, 0xEF, 0x50, 0x00, 0x00, 0x7F, 0xB0, 0x04, 0xFD, 0x10, 0x00, 0x00, 0x50,
    0x00, 0x04, 0x10, 0x00, 0x00, 0x00, 0x00, 0x00, 0x00, 0x00, 0x09, 0xDD, 0xDD, 0xDD, 0xDD, 0xDD,
    0xD7, 0x00, 0xBF, 0xFF, 0xFF, 0xFF, 0xFF, 0xFF, 0x80, 0x00, 0x00, 0x00, 0x00, 0x00, 0x05, 0xF8,
    0x00, 0x00, 0x00, 0x00, 0x00, 0x00, 0x5F, 0x80, 0x00, 0x00, 0x00, 0x00, 0x00, 0x05, 0xF8, 0x00,
    0x00, 0x00, 0x00, 0x00, 0x00, 0x5F, 0x80, 0x00, 0x00, 0x00, 0x00, 0x00, 0x05, 0xF8, 0x00, 0x00,
    0x00, 0x00, 0x00, 0x00, 0x00, 0x00, 0x00, 0x00, 0x00, 0x00, 0x00, 0x00, 0x00, 0x00, 0x00, 0x00,
    0x00, 0x00, 0x00, 0x00, 0x00, 0x00, 0x00, 0x00, 0x17, 0xBD, 0xFE, 0xD9, 0x40, 0x00, 0x00, 0x00,
    0x00, 0x00, 0x08, 0xEF, 0xFF, 0xEE, 0xFF, 0xFC, 0x30, 0x00, 0x00, 0x00, 0x01, 0xBF, 0xE8, 0x30,
    0x00, 0x15, 0xBF, 0xF5, 0x00, 0x00, 0x00, 0x0B, 0xFA, 0x10, 0x00, 0x00, 0x00, 0x04, 0xEF, 0x40,
    0x00, 0x00, 0x6F, 0x90, 0x0B, 0xFF, 0xFE, 0xB4, 0x00, 0x2E, 0xE1, 0x00, 0x00, 0xDC, 0x00, 0x0B,
    0xFE, 0xDF, 0xFF, 0x30, 0x05, 0xF7, 0x00, 0x04, 0xF5, 0x00, 0x0B, 0xF4, 0x01, 0xAF, 0x80, 0x00,
    0xCD, 0x00, 0x08, 0xE0, 0x00, 0x0B, 0xF4, 0x00, 0x6F, 0xA0, 0x00, 0x6F, 0x20, 0x0A, 0xC0, 0x00,
    0x0B, 0xF4, 0x03, 0xCF, 0x70, 0x00, 0x3F, 0x40, 0x0A, 0xB0, 0x00, 0x0B, 0xFF, 0xFF, 0xFB, 0x00,
    0x00, 0x2F, 0x50, 0x0A, 0xC0, 0x00, 0x0B, 0xFE, 0xDF, 0xD0, 0x00, 0x00, 0x3F, 0x40, 0x08, 0xF1,
    0x00, 0x0B, 0xF4, 0x0B, 0xF7, 0x00, 0x00, 0x6F, 0x20, 0x04, 0xF6, 0x00, 0x0B, 0xF4, 0x02, 0xFF,
    0x20, 0x00, 0xBD, 0x00, 0x00, 0xDD, 0x10, 0x0B, 0xF4, 0x00, 0x7F, 0xB0, 0x04, 0xF8, 0x00, 0x00,
    0x6F, 0xA0, 0x0A, 0xE3, 0x00, 0x0B, 0xE5, 0x2E, 0xE1, 0x00, 0x00, 0x0B, 0xFB, 0x10, 0x00, 0x00,
    0x00, 0x04, 0xEF, 0x50, 0x00, 0x00, 0x01, 0xBF, 0xE8, 0x30, 0x00, 0x15, 0xBF, 0xF7, 0x00, 0x00,
    0x00, 0x00, 0x08, 0xEF, 0xFF, 0xEE, 0xFF, 0xFD, 0x40, 0x00, 0x00, 0x00, 0x00, 0x00, 0x17, 0xBD,
    0xFE, 0xDA, 0x50, 0x00, 0x00, 0x00, 0x0D, 0xDD, 0xDD, 0xDD, 0xDD, 0xDD, 0xDD, 0x10, 0xFF, 0xFF,
    0xFF, 0xFF, 0xFF, 0xFF, 0xF1, 0x00, 0x00, 0x00, 0x00, 0x00, 0x00, 0x00, 0x00, 0x00, 0x00, 0x00,
    0x00, 0x00, 0x00, 0x00, 0x00, 0x00, 0x00, 0x00, 0x00, 0x00, 0x00, 0x00, 0x00, 0x00, 0x00, 0x00,
    0x00, 0x00, 0x00, 0x00, 0x00, 0x00, 0x00, 0x00, 0x00, 0x00, 0x00, 0x00, 0x00, 0x00, 0x00, 0x00,
    0x00, 0x00, 0x00, 0x00, 0x00, 0x00, 0x00, 0x00, 0x00, 0x00, 0x00, 0x00, 0x00, 0x00, 0x00, 0x00,
    0x00, 0x00, 0x00, 0x00, 0x00, 0x00, 0x00, 0x00, 0x00, 0x00, 0x00, 0x00, 0x00, 0x00, 0x00, 0x00,
    0x00, 0x00, 0x00, 0x00, 0x00, 0x00, 0x00, 0x00, 0x00, 0x00, 0x00, 0x00, 0x00, 0x00, 0x00, 0x00,
    0x00, 0x00, 0x00, 0x00, 0x00, 0x00, 0x00, 0x00, 0x00, 0x00, 0x00, 0x00, 0x00, 0x00, 0x00, 0x00,
    0x00, 0x00, 0x00, 0x00, 0x00, 0x00, 0x00, 0x00, 0x00, 0x00, 0x00, 0x00, 0x00, 0x00, 0x00, 0x00,
    0x00, 0x00, 0x00, 0x00, 0x00, 0x00, 0x00, 0x00, 0x00, 0x00, 0x00, 0x00, 0x00, 0x00, 0x00, 0x00,
    0x00, 0x00, 0x00, 0x00, 0x00, 0x18, 0xDF, 0xD9, 0x10, 0x00, 0x0B, 0xFF, 0xEF, 0xFC, 0x10, 0x04,
    0xFB, 0x10, 0x1A, 0xF6, 0x00, 0x8F, 0x30, 0x00, 0x1F, 0xA0, 0x08, 0xF3, 0x00, 0x01, 0xFA, 0x00,
    0x4F, 0xB1, 0x01, 0x9F, 0x60, 0x00, 0xBF, 0xFE, 0xFF, 0xC1, 0x00, 0x01, 0x8D, 0xFE, 0x91, 0x00,
    0x00, 0x00, 0x00, 0x00, 0x00, 0x00, 0x00, 0x00, 0x00, 0x00, 0x00, 0x00, 0x00, 0x00, 0x00, 0x00,
    0x00, 0x00, 0x00, 0x00, 0x00, 0x00, 0x00, 0x00, 0x00, 0x00, 0x00, 0x00, 0x00, 0x00, 0x00, 0x00,
    0x00, 0x00, 0x00, 0x00, 0x00, 0x00, 0x00, 0x00, 0x00, 0x00, 0x00, 0x00, 0x00, 0x00, 0x00, 0x00,
    0x00, 0x00, 0x00, 0x00, 0x00, 0x00, 0x00, 0x00, 0x00, 0x00, 0x00, 0x00, 0x00, 0x00, 0x00, 0x00,
    0x8F, 0x50, 0x00, 0x00, 0x00, 0x00, 0x00, 0x08, 0xF5, 0x00, 0x00, 0x00, 0x00, 0x00, 0x00, 0x8F,
    0x50, 0x00, 0x00, 0x00, 0x00, 0x00, 0x08, 0xF5, 0x00, 0x00, 0x00, 0x00, 0x00, 0x00, 0x8F, 0x50,
    0x00, 0x00, 0x00, 0xBF, 0xFF, 0xFF, 0xFF, 0xFF, 0xFF, 0x80, 0x09, 0xDD, 0xDD, 0xEF, 0xED, 0xDD,
    0xD7, 0x00, 0x00, 0x00, 0x08, 0xF5, 0x00, 0x00, 0x00, 0x00, 0x00, 0x00, 0x8F, 0x50, 0x00, 0x00,
    0x00, 0x00, 0x00, 0x08, 0xF5, 0x00, 0x00, 0x00, 0x00, 0x00, 0x00, 0x8F, 0x50, 0x00, 0x00, 0x00,
    0x00, 0x00, 0x08, 0xF5, 0x00, 0x00, 0x00, 0x00, 0x00, 0x00, 0x00, 0x00, 0x00, 0x00, 0x00, 0x9D,
    0xDD, 0xDD, 0xDD, 0xDD, 0xDD, 0x70, 0x0B, 0xFF, 0xFF, 0xFF, 0xFF, 0xFF, 0xF8, 0x00, 0x00, 0x38,
    0x97, 0x20, 0x01, 0xAF, 0xFF, 0xFE, 0x30, 0x0C, 0x92, 0x16, 0xFC, 0x00, 0x00, 0x00, 0x0E, 0xE0,
    0x00, 0x00, 0x00, 0xFC, 0x00, 0x00, 0x00, 0x7F, 0x60, 0x00, 0x00, 0x4F, 0xB0, 0x00, 0x00, 0x4F,
    0xB1, 0x00, 0x00, 0x4F, 0xC1, 0x00, 0x00, 0x5F, 0xB1, 0x00, 0x00, 0x3F, 0xFA, 0x99, 0x99, 0x06,
    0xFF, 0xFF, 0xFF, 0xE0, 0x00, 0x00, 0x00, 0x00, 0x00, 0x00, 0x00, 0x00, 0x00, 0x00, 0x00, 0x00,
    0x00, 0x00, 0x00, 0x00, 0x00, 0x00, 0x00, 0x00, 0x00, 0x00, 0x00, 0x00, 0x00, 0x00, 0x00, 0x00,
    0x00, 0x00, 0x00, 0x00, 0x00, 0x00, 0x00, 0x00, 0x00, 0x00, 0x00, 0x00, 0x00, 0x00, 0x00, 0x00,
    0x00, 0x00, 0x00, 0x00, 0x00, 0x00, 0x00, 0x58, 0x97, 0x20, 0x03, 0xDF, 0xFF, 0xFF, 0x40, 0x1C,
    0x72, 0x16, 0xFD, 0x00, 0x00, 0x00, 0x0E, 0xF0, 0x00, 0x00, 0x03, 0xFB, 0x00, 0x08, 0x9B, 0xFD,
    0x20, 0x00, 0xDF, 0xFF, 0xB3, 0x00, 0x00, 0x01, 0x5E, 0xE1, 0x00, 0x00, 0x00, 0x9F, 0x42, 0x10,
    0x00, 0x0C, 0xF3, 0x8F, 0xCA, 0xAE, 0xFB, 0x03, 0x9D, 0xEF, 0xD8, 0x10, 0x00, 0x00, 0x00, 0x00,
    0x00, 0x00, 0x00, 0x00, 0x00, 0x00, 0x00, 0x00, 0x00, 0x00, 0x00, 0x00, 0x00, 0x00, 0x00, 0x00,
    0x00, 0x00, 0x00, 0x00, 0x00, 0x00, 0x00, 0x00, 0x00, 0x00, 0x00, 0x00, 0x00, 0x00, 0x00, 0x00,
    0x00, 0x00, 0x00, 0x00, 0x00, 0x00, 0x00, 0x00, 0x00, 0x00, 0x00, 0x00, 0x00, 0x00, 0x00, 0x0C,
    0xFE, 0x20, 0x06, 0xFE, 0x40, 0x02, 0xEF, 0x40, 0x00, 0xCE, 0x30, 0x00, 0x00, 0x00, 0x00, 0x00,
    0x00, 0x00, 0x00, 0x00, 0x00, 0x00, 0x00, 0x00, 0x00, 0x00, 0x00, 0x00, 0x00, 0x00, 0x00, 0x00,
    0x00, 0x00, 0x00, 0x00, 0x00, 0x00, 0x00, 0x00, 0x00, 0x00, 0x00, 0x00, 0x00, 0x00, 0x00, 0x00,
    0x00, 0x00, 0x00, 0x00, 0x00, 0x00, 0x00, 0x00, 0x00, 0x00, 0x00, 0x00, 0x00, 0x00, 0x00, 0x00,
    0x00, 0x00, 0x00, 0x00, 0x00, 0xCF, 0x80, 0x00, 0x00, 0x04, 0xFF, 0x00, 0x00, 0xCF, 0x80, 0x00,
    0x00, 0x04, 0xFF, 0x00, 0x00, 0xCF, 0x80, 0x00, 0x00, 0x04, 0xFF, 0x00, 0x00, 0xCF, 0x80, 0x00,
    0x00, 0x04, 0xFF, 0x00, 0x00, 0xCF, 0x80, 0x00, 0x00, 0x04, 0xFF, 0x00, 0x00, 0xCF, 0x80, 0x00,
    0x00, 0x04, 0xFF, 0x00, 0x00, 0xCF, 0x80, 0x00, 0x00, 0x04, 0xFF, 0x00, 0x00, 0xCF, 0x80, 0x00,
    0x00, 0x05, 0xFF, 0x00, 0x00, 0xCF, 0x80, 0x00, 0x00, 0x06, 0xFF, 0x00, 0x00, 0xCF, 0x90, 0x00,
    0x00, 0x09, 0xFF, 0x00, 0x00, 0xCF, 0xC0, 0x00, 0x00, 0x1E, 0xFF, 0x00, 0x00, 0xCF, 0xF9, 0x10,
    0x03, 0xCF, 0xFF, 0x00, 0x00, 0xCF, 0xFF, 0xFE, 0xEF, 0xE5, 0xFF, 0x00, 0x00, 0xCF, 0x79, 0xEF,
    0xD9, 0x20, 0xEF, 0x00, 0x00, 0xCF, 0x70, 0x00, 0x00, 0x00, 0x00, 0x00, 0x00, 0xCF, 0x70, 0x00,
    0x00, 0x00, 0x00, 0x00, 0x00, 0xCF, 0x70, 0x00, 0x00, 0x00, 0x00, 0x00, 0x00, 0xCF, 0x80, 0x00,
    0x00, 0x00, 0x00, 0x00, 0x00, 0xCF, 0x80, 0x00, 0x00, 0x00, 0x00, 0x00, 0x00, 0xCF, 0x80, 0x00,
    0x00, 0x00, 0x00, 0x00, 0x00, 0x01, 0x7C, 0xEF, 0xFF, 0xFF, 0xFF, 0x40, 0x00, 0x02, 0xDF, 0xFF,
    0xFF, 0xFD, 0xDE, 0xF4, 0x00, 0x00, 0xBF, 0xFF, 0xFF, 0xFF, 0x20, 0x4F, 0x40, 0x00, 0x2F, 0xFF,
    0xFF, 0xFF, 0xF2, 0x04, 0xF4, 0x00, 0x06, 0xFF, 0xFF, 0xFF, 0xFF, 0x20, 0x4F, 0x40, 0x00, 0x8F,
    0xFF, 0xFF, 0xFF, 0xF2, 0x04, 0xF4, 0x00, 0x08, 0xFF, 0xFF, 0xFF, 0xFF, 0x20, 0x4F, 0x40, 0x00,
    0x8F, 0xFF, 0xFF, 0xFF, 0xF2, 0x04, 0xF4, 0x00, 0x06, 0xFF, 0xFF, 0xFF, 0xFF, 0x20, 0x4F, 0x40,
    0x00, 0x3F, 0xFF, 0xFF, 0xFF, 0xF2, 0x04, 0xF4, 0x00, 0x00, 0xDF, 0xFF, 0xFF, 0xFF, 0x20, 0x4F,
    0x40, 0x00, 0x05, 0xFF, 0xFF, 0xFF, 0xF2, 0x04, 0xF4, 0x00, 0x00, 0x05, 0xDF, 0xFF, 0xFF, 0x20,
    0x4F, 0x40, 0x00, 0x00, 0x00, 0x24, 0x37, 0xF2, 0x04, 0xF4, 0x00, 0x00, 0x00, 0x00, 0x00, 0x6F,
    0x20, 0x4F, 0x40, 0x00, 0x00, 0x00, 0x00, 0x06, 0xF2, 0x04, 0xF4, 0x00, 0x00, 0x00, 0x00, 0x00,
    0x6F, 0x20, 0x4F, 0x40, 0x00, 0x00, 0x00, 0x00, 0x06, 0xF2, 0x04, 0xF4, 0x00, 0x00, 0x00, 0x00,
    0x00, 0x6F, 0x20, 0x4F, 0x40, 0x00, 0x00, 0x00, 0x00, 0x06, 0xF2, 0x04, 0xF4, 0x00, 0x00, 0x00,
    0x00, 0x00, 0x6F, 0x20, 0x4F, 0x40, 0x00, 0x00, 0x00, 0x00, 0x06, 0xF2, 0x04, 0xF4, 0x00, 0x00,
    0x00, 0x00, 0x00, 0x6F, 0x20, 0x4F, 0x40, 0x00, 0x00, 0x00, 0x00, 0x02, 0x51, 0x01, 0x51, 0x00,
    0x00, 0xAE, 0xA0, 0x00, 0x1F, 0xFF, 0x10, 0x00, 0xAE, 0xA0, 0x00, 0x00, 0x00, 0x00, 0x00, 0x00,
    0x00, 0x00, 0x00, 0x00, 0x00, 0x00, 0x00, 0x00, 0x00, 0x00, 0x00, 0x00, 0x00, 0x00, 0x00, 0x00,
    0x00, 0x00, 0x00, 0x00, 0x00, 0x00, 0x00, 0x00, 0x88, 0x00, 0x03, 0xF8, 0x00, 0x05, 0xBF, 0xD1,
    0x00, 0x07, 0xF7, 0x22, 0x3A, 0xF5, 0xAF, 0xFF, 0x90, 0x24, 0x31, 0x00, 0x00, 0x06, 0xEF, 0x40,
    0x00, 0x1A, 0xFE, 0xF4, 0x00, 0x0C, 0xF7, 0x8F, 0x40, 0x00, 0x33, 0x09, 0xF4, 0x00, 0x00, 0x00,
    0x9F, 0x40, 0x00, 0x00, 0x09, 0xF4, 0x00, 0x00, 0x00, 0x9F, 0x40, 0x00, 0x00, 0x09, 0xF4, 0x00,
    0x00, 0x00, 0x9F, 0x40, 0x00, 0x00, 0x09, 0xF4, 0x00, 0x00, 0x00, 0x9F, 0x40, 0x00, 0x00, 0x00,
    0x00, 0x00, 0x00, 0x00, 0x00, 0x00, 0x00, 0x00, 0x00, 0x00, 0x00, 0x00, 0x00, 0x00, 0x00, 0x00,
    0x00, 0x00, 0x00, 0x00, 0x00, 0x00, 0x00, 0x00, 0x00, 0x00, 0x00, 0x00, 0x00, 0x00, 0x00, 0x00,
    0x00, 0x00, 0x00, 0x00, 0x00, 0x00, 0x00, 0x00, 0x00, 0x00, 0x00, 0x00, 0x00, 0x00, 0x00, 0x00,
    0x5C, 0xFE, 0xB4, 0x00, 0x06, 0xF8, 0x34, 0xAF, 0x40, 0x0E, 0xB0, 0x00, 0x1E, 0xB0, 0x2F, 0x80,
    0x00, 0x0B, 0xE0, 0x2F, 0x80, 0x00, 0x0B, 0xE0, 0x0E, 0xA0, 0x00, 0x0E, 0xB0, 0x08, 0xF6, 0x11,
    0x9F, 0x40, 0x00, 0x7E, 0xFF, 0xD5, 0x00, 0x00, 0x00, 0x22, 0x00, 0x00, 0x00, 0x00, 0x00, 0x00,
    0x00, 0x00, 0x00, 0x00, 0x00, 0x00, 0x00, 0x00, 0x00, 0x00, 0x00, 0x00, 0x00, 0x00, 0x00, 0x00,
    0x00, 0x00, 0x00, 0x00, 0x00, 0x00, 0x00, 0x00, 0x00, 0x00, 0x00, 0x00, 0x00, 0x00, 0x00, 0x00,
    0x00, 0x00, 0x00, 0x00, 0x00, 0x00, 0x00, 0x00, 0x00, 0x00, 0x00, 0x00, 0x00, 0x00, 0x00, 0x10,
    0x00, 0x01, 0x00, 0x00, 0x00, 0x8F, 0x40, 0x06, 0xE6, 0x00, 0x00, 0x05, 0xFE, 0x20, 0x3F, 0xF4,
    0x00, 0x00, 0x08, 0xFD, 0x10, 0x5F, 0xE2, 0x00, 0x00, 0x0A, 0xFB, 0x00, 0x8F, 0xD1, 0x00, 0x00,
    0x1C, 0xF9, 0x00, 0xBF, 0xB0, 0x00, 0x00, 0xAF, 0xC0, 0x08, 0xFE, 0x10, 0x00, 0x7F, 0xE2, 0x05,
    0xFF, 0x30, 0x00, 0x4F, 0xF3, 0x03, 0xEF, 0x50, 0x00, 0x2E, 0xF5, 0x01, 0xDF, 0x80, 0x00, 0x0B,
    0xF8, 0x00, 0x8F, 0xA0, 0x00, 0x00, 0x05, 0x00, 0x00, 0x50, 0x00, 0x00, 0x00, 0x00, 0x00, 0x00,
    0x00, 0x00, 0x00, 0x00, 0x07, 0xFF, 0x20, 0x00, 0x00, 0x00, 0xBF, 0x40, 0x00, 0x02, 0xCF, 0xEF,
    0x20, 0x00, 0x00, 0x05, 0xF9, 0x00, 0x00, 0x0D, 0xE5, 0xAF, 0x20, 0x00, 0x00, 0x1E, 0xE1, 0x00,
    0x00, 0x03, 0x20, 0xAF, 0x20, 0x00, 0x00, 0x9F, 0x50, 0x00, 0x00, 0x00, 0x00, 0xAF, 0x20, 0x00,
    0x03, 0xFB, 0x00, 0x00, 0x00, 0x00, 0x00, 0xAF, 0x20, 0x00, 0x0C, 0xE2, 0x00, 0x00, 0x00, 0x00,
    0x00, 0xAF, 0x20, 0x00, 0x7F, 0x70, 0x00, 0x00, 0x00, 0x00, 0x00, 0xAF, 0x20, 0x02, 0xFC, 0x00,
    0x0A, 0xF8, 0x00, 0x00, 0x00, 0xAF, 0x20, 0x0B, 0xF3, 0x00, 0x6F, 0xF8, 0x00, 0x00, 0x00, 0xAF,
    0x20, 0x6F, 0x90, 0x02, 0xED, 0xF8, 0x00, 0x00, 0x00, 0xAF, 0x21, 0xED, 0x10, 0x0C, 0xD6, 0xF8,
    0x00, 0x00, 0x00, 0x00, 0x09, 0xF5, 0x00, 0x8F, 0x36, 0xF8, 0x00, 0x00, 0x00, 0x00, 0x4F, 0xA0,
    0x04, 0xF7, 0x06, 0xF8, 0x00, 0x00, 0x00, 0x00, 0xDE, 0x20, 0x1D, 0xB0, 0x06, 0xF8, 0x00, 0x00,
    0x00, 0x08, 0xF6, 0x00, 0x7F, 0xFF, 0xFF, 0xFF, 0xF2, 0x00, 0x00, 0x3F, 0xC0, 0x00, 0x48, 0x88,
    0x8B, 0xFC, 0x81, 0x00, 0x00, 0xCF, 0x30, 0x00, 0x00, 0x00, 0x06, 0xF8, 0x00, 0x00, 0x06, 0xF8,
    0x00, 0x00, 0x00, 0x00, 0x06, 0xF8, 0x00, 0x00, 0x1A, 0xFD, 0x00, 0x00, 0x00, 0x07, 0xF7, 0x00,
    0x00, 0x05, 0xEE, 0xFD, 0x00, 0x00, 0x00, 0x2F, 0xC0, 0x00, 0x00, 0x3F, 0xC2, 0xED, 0x00, 0x00,
    0x00, 0xBF, 0x30, 0x00, 0x00, 0x04, 0x00, 0xFD, 0x00, 0x00, 0x06, 0xF9, 0x00, 0x00, 0x00, 0x00,
    0x00, 0xFD, 0x00, 0x00, 0x1E, 0xD1, 0x00, 0x00, 0x00, 0x00, 0x00, 0xFD, 0x00, 0x00, 0xAF, 0x50,
    0x00, 0x00, 0x00, 0x00, 0x00, 0xFD, 0x00, 0x04, 0xFA, 0x00, 0x12, 0x00, 0x00, 0x00, 0x00, 0xFD,
    0x00, 0x0D, 0xE2, 0x5C, 0xFF, 0xF9, 0x10, 0x00, 0x00, 0xFD, 0x00, 0x8F, 0x61, 0xED, 0x75, 0xBF,
    0x90, 0x00, 0x00, 0xFD, 0x03, 0xFC, 0x00, 0x41, 0x00, 0x0F, 0xD0, 0x00, 0x00, 0xFD, 0x0C, 0xF3,
    0x00, 0x00, 0x00, 0x1F, 0xC0, 0x00, 0x00, 0x00, 0x6F, 0x80, 0x00, 0x00, 0x00, 0x7F, 0x60, 0x00,
    0x00, 0x01, 0xED, 0x10, 0x00, 0x00, 0x05, 0xFA, 0x00, 0x00, 0x00, 0x0A, 0xF4, 0x00, 0x00, 0x00,
    0x5F, 0xA0, 0x00, 0x00, 0x00, 0x4F, 0xA0, 0x00, 0x00, 0x06, 0xF9, 0x00, 0x00, 0x00, 0x01, 0xDE,
    0x10, 0x00, 0x00, 0x7F, 0x80, 0x00, 0x00, 0x00, 0x08, 0xF6, 0x00, 0x00, 0x05, 0xFF, 0xDD, 0xDD,
    0xC0, 0x00, 0x3F, 0xB0, 0x00, 0x00, 0x07, 0xFF, 0xFF, 0xFF, 0xE0, 0x02, 0x8C, 0xDB, 0x50, 0x00,
    0x00, 0x00, 0x07, 0xD6, 0x00, 0x04, 0xEF, 0xFF, 0xFF, 0x60, 0x00, 0x00, 0x02, 0xED, 0x00, 0x00,
    0x1B, 0x62, 0x16, 0xFD, 0x00, 0x00, 0x00, 0xAF, 0x40, 0x00, 0x00, 0x00, 0x00, 0x0F, 0xD0, 0x00,
    0x00, 0x4F, 0xA0, 0x00, 0x00, 0x00, 0x00, 0x28, 0xF9, 0x00, 0x00, 0x0D, 0xE2, 0x00, 0x00, 0x00,
    0x0E, 0xFF, 0xF9, 0x00, 0x00, 0x07, 0xF7, 0x00, 0x00, 0x00, 0x00, 0xCD, 0xEF, 0xE5, 0x00, 0x02,
    0xED, 0x00, 0x00, 0x00, 0x00, 0x00, 0x00, 0x3E, 0xF1, 0x00, 0xAF, 0x40, 0x00, 0x00, 0x00, 0x00,
    0x00, 0x00, 0xAF, 0x40, 0x4F, 0xA0, 0x00, 0xBF, 0x70, 0x05, 0x40, 0x00, 0x3E, 0xF2, 0x0D, 0xE2,
    0x00, 0x7F, 0xF7, 0x00, 0x9F, 0xFE, 0xEF, 0xFA, 0x07, 0xF7, 0x00, 0x3F, 0xAF, 0x70, 0x02, 0x9D,
    0xEE, 0xC7, 0x02, 0xED, 0x00, 0x1D, 0x97, 0xF7, 0x00, 0x00, 0x00, 0x00, 0x00, 0xAF, 0x40, 0x09,
    0xD1, 0x7F, 0x70, 0x00, 0x00, 0x00, 0x00, 0x4F, 0xA0, 0x05, 0xF4, 0x07, 0xF7, 0x00, 0x00, 0x00,
    0x00, 0x0D, 0xE2, 0x01, 0xE9, 0x00, 0x7F, 0x70, 0x00, 0x00, 0x00, 0x07, 0xF7, 0x00, 0x8F, 0xFF,
    0xFF, 0xFF, 0xF1, 0x00, 0x00, 0x02, 0xED, 0x00, 0x04, 0x88, 0x88, 0xBF, 0xC8, 0x10, 0x00, 0x00,
    0xAF, 0x40, 0x00, 0x00, 0x00, 0x07, 0xF7, 0x00, 0x00, 0x00, 0x4F, 0xA0, 0x00, 0x00, 0x00, 0x00,
    0x7F, 0x70, 0x00, 0x00, 0x00, 0x09, 0xEB, 0x00, 0x00, 0x00, 0x00, 0xFF, 0xF2, 0x00, 0x00, 0x00,
    0x09, 0xFB, 0x00, 0x00, 0x00, 0x00, 0x00, 0x00, 0x00, 0x00, 0x00, 0x00, 0x00, 0x00, 0x00, 0x00,
    0x00, 0x4F, 0x90, 0x00, 0x00, 0x00, 0x06, 0xF7, 0x00, 0x00, 0x00, 0x01, 0xDF, 0x40, 0x00, 0x00,
    0x01, 0xCF, 0xB0, 0x00, 0x00, 0x02, 0xDF, 0xB1, 0x00, 0x00, 0x03, 0xEF, 0x90, 0x00, 0x00, 0x00,
    0xDF, 0x90, 0x00, 0x00, 0x00, 0x3F, 0xF1, 0x00, 0x00, 0x00, 0x05, 0xFD, 0x00, 0x00, 0x00, 0x00,
    0x4F, 0xF1, 0x00, 0x00, 0x00, 0x01, 0xEF, 0xB3, 0x00, 0x26, 0xB5, 0x05, 0xFF, 0xFF, 0xFF, 0xFF,
    0xB0, 0x03, 0xAD, 0xFE, 0xDA, 0x50, 0x00, 0x00, 0x1D, 0xFD, 0x00, 0x00, 0x00, 0x00, 0x00, 0x00,
    0x00, 0x2E, 0xF8, 0x00, 0x00, 0x00, 0x00, 0x00, 0x00, 0x00, 0x3E, 0xF3, 0x00, 0x00, 0x00, 0x00,
    0x00, 0x00, 0x00, 0x2D, 0xD1, 0x00, 0x00, 0x00, 0x00, 0x00, 0x00, 0x00, 0x00, 0x00, 0x00, 0x00,
    0x00, 0x00, 0x00, 0x00, 0x00, 0x00, 0x00, 0x00, 0x00, 0x00, 0x00, 0x00, 0x00, 0x00, 0x00, 0x00,
    0x00, 0x00, 0x00, 0x00, 0x00, 0xEF, 0x80, 0x00, 0x00, 0x00, 0x00, 0x00, 0x00, 0x5F, 0xFE, 0x00,
    0x00, 0x00, 0x00, 0x00, 0x00, 0x0B, 0xFC, 0xF5, 0x00, 0x00, 0x00, 0x00, 0x00, 0x02, 0xFE, 0x5F,
    0xB0, 0x00, 0x00, 0x00, 0x00, 0x00, 0x8F, 0x90, 0xEF, 0x20, 0x00, 0x00, 0x00, 0x00, 0x0E, 0xF3,
    0x09, 0xF9, 0x00, 0x00, 0x00, 0x00, 0x06, 0xFC, 0x00, 0x3F, 0xE1, 0x00, 0x00, 0x00, 0x00, 0xCF,
    0x60, 0x00, 0xCF, 0x60, 0x00, 0x00, 0x00, 0x3F, 0xE1, 0x00, 0x06, 0xFC, 0x00, 0x00, 0x00, 0x09,
    0xF8, 0x00, 0x00, 0x0E, 0xF3, 0x00, 0x00, 0x01, 0xEF, 0xFF, 0xFF, 0xFF, 0xFF, 0x90, 0x00, 0x00,
    0x6F, 0xFF, 0xFF, 0xFF, 0xFF, 0xFE, 0x10, 0x00, 0x0C, 0xF6, 0x11, 0x11, 0x11, 0x1D, 0xF6, 0x00,
    0x03, 0xFF, 0x10, 0x00, 0x00, 0x00, 0x8F, 0xC0, 0x00, 0x9F, 0xA0, 0x00, 0x00, 0x00, 0x02, 0xFF,
    0x30, 0x1E, 0xF4, 0x00, 0x00, 0x00, 0x00, 0x0C, 0xF9, 0x06, 0xFE, 0x00, 0x00, 0x00, 0x00, 0x00,
    0x6F, 0xE1, 0xCF, 0x80, 0x00, 0x00, 0x00, 0x00, 0x01, 0xEF, 0x60, 0x00, 0x00, 0x00, 0x00, 0x1D,
    0xFD, 0x10, 0x00, 0x00, 0x00, 0x00, 0x00, 0x08, 0xFE, 0x20, 0x00, 0x00, 0x00, 0x00, 0x00, 0x03,
    0xFE, 0x30, 0x00, 0x00, 0x00, 0x00, 0x00, 0x01, 0xDD, 0x20, 0x00, 0x00, 0x00, 0x00, 0x00, 0x00,
    0x00, 0x00, 0x00, 0x00, 0x00, 0x00, 0x00, 0x00, 0x00, 0x00, 0x00, 0x00, 0x00, 0x00, 0x00, 0x00,
    0x00, 0x00, 0x00, 0x00, 0x00, 0x00, 0x00, 0x00, 0x00, 0x00, 0xEF, 0x80, 0x00, 0x00, 0x00, 0x00,
    0x00, 0x00, 0x5F, 0xFE, 0x00, 0x00, 0x00, 0x00, 0x00, 0x00, 0x0B, 0xFC, 0xF5, 0x00, 0x00, 0x00,
    0x00, 0x00, 0x02, 0xFE, 0x5F, 0xB0, 0x00, 0x00, 0x00, 0x00, 0x00, 0x8F, 0x90, 0xEF, 0x20, 0x00,
    0x00, 0x00, 0x00, 0x0E, 0xF3, 0x09, 0xF9, 0x00, 0x00, 0x00, 0x00, 0x06, 0xFC, 0x00, 0x3F, 0xE1,
    0x00, 0x00, 0x00, 0x00, 0xCF, 0x60, 0x00, 0xCF, 0x60, 0x00, 0x00, 0x00, 0x3F, 0xE1, 0x00, 0x06,
    0xFC, 0x00, 0x00, 0x00, 0x09, 0xF8, 0x00, 0x00, 0x0E, 0xF3, 0x00, 0x00, 0x01, 0xEF, 0xFF, 0xFF,
    0xFF, 0xFF, 0x90, 0x00, 0x00, 0x6F, 0xFF, 0xFF, 0xFF, 0xFF, 0xFE, 0x10, 0x00, 0x0C, 0xF6, 0x11,
    0x11, 0x11, 0x1D, 0xF6, 0x00, 0x03, 0xFF, 0x10, 0x00, 0x00, 0x00, 0x8F, 0xC0, 0x00, 0x9F, 0xA0,
    0x00, 0x00, 0x00, 0x02, 0xFF, 0x30, 0x1E, 0xF4, 0x00, 0x00, 0x00, 0x00, 0x0C, 0xF9, 0x06, 0xFE,
    0x00, 0x00, 0x00, 0x00, 0x00, 0x6F, 0xE1, 0xCF, 0x80, 0x00, 0x00, 0x00, 0x00, 0x01, 0xEF, 0x60,
    0x00, 0x00, 0x00, 0x5F, 0xFB, 0x00, 0x00, 0x00, 0x00, 0x00, 0x00, 0x2E, 0xFE, 0xF8, 0x00, 0x00,
    0x00, 0x00, 0x00, 0x1D, 0xF6, 0x2D, 0xF7, 0x00, 0x00, 0x00, 0x00, 0x1D, 0xD4, 0x00, 0x19, 0xF6,
    0x00, 0x00, 0x00, 0x00, 0x00, 0x00, 0x00, 0x00, 0x00, 0x00, 0x00, 0x00, 0x00, 0x00, 0x00, 0x00,
    0x00, 0x00, 0x00, 0x00, 0x00, 0x00, 0x00, 0x00, 0x00, 0x00, 0x00, 0x00, 0x00, 0x00, 0x00, 0xEF,
    0x80, 0x00, 0x00, 0x00, 0x00, 0x00, 0x00, 0x5F, 0xFE, 0x00, 0x00, 0x00, 0x00, 0x00, 0x00, 0x0B,
    0xFC, 0xF5, 0x00, 0x00, 0x00, 0x00, 0x00, 0x02, 0xFE, 0x5F, 0xB0, 0x00, 0x00, 0x00, 0x00, 0x00,
    0x8F, 0x90, 0xEF, 0x20, 0x00, 0x00, 0x00, 0x00, 0x0E, 0xF3, 0x09, 0xF9, 0x00, 0x00, 0x00, 0x00,
    0x06, 0xFC, 0x00, 0x3F, 0xE1, 0x00, 0x00, 0x00, 0x00, 0xCF, 0x60, 0x00, 0xCF, 0x60, 0x00, 0x00,
    0x00, 0x3F, 0xE1, 0x00, 0x06, 0xFC, 0x00, 0x00, 0x00, 0x09, 0xF8, 0x00, 0x00, 0x0E, 0xF3, 0x00,
    0x00, 0x01, 0xEF, 0xFF, 0xFF, 0xFF, 0xFF, 0x90, 0x00, 0x00, 0x6F, 0xFF, 0xFF, 0xFF, 0xFF, 0xFE,
    0x10, 0x00, 0x0C, 0xF6, 0x11, 0x11, 0x11, 0x1D, 0xF6, 0x00, 0x03, 0xFF, 0x10, 0x00, 0x00, 0x00,
    0x8F, 0xC0, 0x00, 0x9F, 0xA0, 0x00, 0x00, 0x00, 0x02, 0xFF, 0x30, 0x1E, 0xF4, 0x00, 0x00, 0x00,
    0x00, 0x0C, 0xF9, 0x06, 0xFE, 0x00, 0x00, 0x00, 0x00, 0x00, 0x6F, 0xE1, 0xCF, 0x80, 0x00, 0x00,
    0x00, 0x00, 0x01, 0xEF, 0x60, 0x00, 0x00, 0x4C, 0xFC, 0x61, 0x08, 0xE0, 0x00, 0x00, 0x00, 0x1E,
    0xFE, 0xFF, 0xFE, 0xF9, 0x00, 0x00, 0x00, 0x05, 0xF2, 0x03, 0x9E, 0xEA, 0x10, 0x00, 0x00, 0x00,
    0x00, 0x00, 0x00, 0x00, 0x00, 0x00, 0x00, 0x00, 0x00, 0x00, 0x00, 0x00, 0x00, 0x00, 0x00, 0x00,
    0x00, 0x00, 0x00, 0x00, 0x00, 0x00, 0x00, 0x00, 0x00, 0x00, 0x00, 0x0E, 0xF8, 0x00, 0x00, 0x00,
    0x00, 0x00, 0x00, 0x05, 0xFF, 0xE0, 0x00, 0x00, 0x00, 0x00, 0x00, 0x00, 0xBF, 0xCF, 0x50, 0x00,
    0x00, 0x00, 0x00, 0x00, 0x2F, 0xE5, 0xFB, 0x00, 0x00, 0x00, 0x00, 0x00, 0x08, 0xF9, 0x0E, 0xF2,
    0x00, 0x00, 0x00, 0x00, 0x00, 0xEF, 0x30, 0x9F, 0x90, 0x00, 0x00, 0x00, 0x00, 0x6F, 0xC0, 0x03,
    0xFE, 0x10, 0x00, 0x00, 0x00, 0x0C, 0xF6, 0x00, 0x0C, 0xF6, 0x00, 0x00, 0x00, 0x03, 0xFE, 0x10,
    0x00, 0x6F, 0xC0, 0x00, 0x00, 0x00, 0x9F, 0x80, 0x00, 0x00, 0xEF, 0x30, 0x00, 0x00, 0x1E, 0xFF,
    0xFF, 0xFF, 0xFF, 0xF9, 0x00, 0x00, 0x06, 0xFF, 0xFF, 0xFF, 0xFF, 0xFF, 0xE1, 0x00, 0x00, 0xCF,
    0x61, 0x11, 0x11, 0x11, 0xDF, 0x60, 0x00, 0x3F, 0xF1, 0x00, 0x00, 0x00, 0x08, 0xFC, 0x00, 0x09,
    0xFA, 0x00, 0x00, 0x00, 0x00, 0x2F, 0xF3, 0x01, 0xEF, 0x40, 0x00, 0x00, 0x00, 0x00, 0xCF, 0x90,
    0x6F, 0xE0, 0x00, 0x00, 0x00, 0x00, 0x06, 0xFE, 0x1C, 0xF8, 0x00, 0x00, 0x00, 0x00, 0x00, 0x1E,
    0xF6, 0x00, 0x00, 0x1B, 0x90, 0x02, 0xC7, 0x00, 0x00, 0x00, 0x00, 0x05, 0xFF, 0x00, 0x7F, 0xE0,
    0x00, 0x00, 0x00, 0x00, 0x2D, 0xB0, 0x03, 0xE9, 0x00, 0x00, 0x00, 0x00, 0x00, 0x00, 0x00, 0x00,
    0x00, 0x00, 0x00, 0x00, 0x00, 0x00, 0x00, 0x00, 0x00, 0x00, 0x00, 0x00, 0x00, 0x00, 0x00, 0x00,
    0x00, 0x00, 0x00, 0x00, 0x00, 0x00, 0x00, 0x0E, 0xF8, 0x00, 0x00, 0x00, 0x00, 0x00, 0x00, 0x05,
    0xFF, 0xE0, 0x00, 0x00, 0x00, 0x00, 0x00, 0x00, 0xBF, 0xCF, 0x50, 0x00, 0x00, 0x00, 0x00, 0x00,
    0x2F, 0xE5, 0xFB, 0x00, 0x00, 0x00, 0x00, 0x00, 0x08, 0xF9, 0x0E, 0xF2, 0x00, 0x00, 0x00, 0x00,
    0x00, 0xEF, 0x30, 0x9F, 0x90, 0x00, 0x00, 0x00, 0x00, 0x6F, 0xC0, 0x03, 0xFE, 0x10, 0x00, 0x00,
    0x00, 0x0C, 0xF6, 0x00, 0x0C, 0xF6, 0x00, 0x00, 0x00, 0x03, 0xFE, 0x10, 0x00, 0x6F, 0xC0, 0x00,
    0x00, 0x00, 0x9F, 0x80, 0x00, 0x00, 0xEF, 0x30, 0x00, 0x00, 0x1E, 0xFF, 0xFF, 0xFF, 0xFF, 0xF9,
    0x00, 0x00, 0x06, 0xFF, 0xFF, 0xFF, 0xFF, 0xFF, 0xE1, 0x00, 0x00, 0xCF, 0x61, 0x11, 0x11, 0x11,
    0xDF, 0x60, 0x00, 0x3F, 0xF1, 0x00, 0x00, 0x00, 0x08, 0xFC, 0x00, 0x09, 0xFA, 0x00, 0x00, 0x00,
    0x00, 0x2F, 0xF3, 0x01, 0xEF, 0x40, 0x00, 0x00, 0x00, 0x00, 0xCF, 0x90, 0x6F, 0xE0, 0x00, 0x00,
    0x00, 0x00, 0x06, 0xFE, 0x1C, 0xF8, 0x00, 0x00, 0x00, 0x00, 0x00, 0x1E, 0xF6, 0x00, 0x00, 0x00,
    0x4B, 0xC9, 0x10, 0x00, 0x00, 0x00, 0x00, 0x00, 0x3F, 0xFF, 0xFB, 0x00, 0x00, 0x00, 0x00, 0x00,
    0x07, 0xE3, 0x19, 0xF1, 0x00, 0x00, 0x00, 0x00, 0x00, 0x8E, 0x10, 0x7F, 0x10, 0x00, 0x00, 0x00,
    0x00, 0x04, 0xFF, 0xEF, 0xC0, 0x00, 0x00, 0x00, 0x00, 0x00, 0x06, 0xDE, 0xB2, 0x00, 0x00, 0x00,
    0x00, 0x00, 0x00, 0x0E, 0xF8, 0x00, 0x00, 0x00, 0x00, 0x00, 0x00, 0x05, 0xFF, 0xE0, 0x00, 0x00,
    0x00, 0x00, 0x00, 0x00, 0xBF, 0xCF, 0x50, 0x00, 0x00, 0x00, 0x00, 0x00, 0x2F, 0xE5, 0xFB, 0x00,
    0x00, 0x00, 0x00, 0x00, 0x08, 0xF9, 0x0E, 0xF2, 0x00, 0x00, 0x00, 0x00, 0x00, 0xEF, 0x30, 0x9F,
    0x90, 0x00, 0x00, 0x00, 0x00, 0x6F, 0xC0, 0x03, 0xFE, 0x10, 0x00, 0x00, 0x00, 0x0C, 0xF6, 0x00,
    0x0C, 0xF6, 0x00, 0x00, 0x00, 0x03, 0xFE, 0x10, 0x00, 0x6F, 0xC0, 0x00, 0x00, 0x00, 0x9F, 0x80,
    0x00, 0x00, 0xEF, 0x30, 0x00, 0x00, 0x1E, 0xFF, 0xFF, 0xFF, 0xFF, 0xF9, 0x00, 0x00, 0x06, 0xFF,
    0xFF, 0xFF, 0xFF, 0xFF, 0xE1, 0x00, 0x00, 0xCF, 0x61, 0x11, 0x11, 0x11, 0xDF, 0x60, 0x00, 0x3F,
    0xF1, 0x00, 0x00, 0x00, 0x08, 0xFC, 0x00, 0x09, 0xFA, 0x00, 0x00, 0x00, 0x00, 0x2F, 0xF3, 0x01,
    0xEF, 0x40, 0x00, 0x00, 0x00, 0x00, 0xCF, 0x90, 0x6F, 0xE0, 0x00, 0x00, 0x00, 0x00, 0x06, 0xFE,
    0x1C, 0xF8, 0x00, 0x00, 0x00, 0x00, 0x00, 0x1E, 0xF6, 0x00, 0x00, 0x00, 0x00, 0x07, 0xFF, 0xFF,
    0xFF, 0xFF, 0xFF, 0xFF, 0x50, 0x00, 0x00, 0x00, 0x00, 0x1E, 0xFD, 0xEF, 0xFD, 0xDD, 0xDD, 0xDD,
    0x50, 0x00, 0x00, 0x00, 0x00, 0x7F, 0xD0, 0x5F, 0xF0, 0x00, 0x00, 0x00, 0x00, 0x00, 0x00, 0x00,
    0x00, 0xEF, 0x50, 0x5F, 0xF0, 0x00, 0x00, 0x00, 0x00, 0x00, 0x00, 0x00, 0x06, 0xFD, 0x00, 0x5F,
    0xF0, 0x00, 0x00, 0x00, 0x00, 0x00, 0x00, 0x00, 0x0D, 0xF6, 0x00, 0x5F, 0xF0, 0x00, 0x00, 0x00,
    0x00, 0x00, 0x00, 0x00, 0x6F, 0xD0, 0x00, 0x5F, 0xF0, 0x00, 0x00, 0x00, 0x00, 0x00, 0x00, 0x00,
    0xDF, 0x60, 0x00, 0x5F, 0xFD, 0xDD, 0xDD, 0xDB, 0x00, 0x00, 0x00, 0x06, 0xFD, 0x00, 0x00, 0x5F,
    0xFF, 0xFF, 0xFF, 0xFD, 0x00, 0x00, 0x00, 0x0D, 0xF6, 0x00, 0x00, 0x5F, 0xF0, 0x00, 0x00, 0x00,
    0x00, 0x00, 0x00, 0x5F, 0xFD, 0xDD, 0xDD, 0xEF, 0xF0, 0x00, 0x00, 0x00, 0x00, 0x00, 0x00, 0xDF,
    0xFF, 0xFF, 0xFF, 0xFF, 0xF0, 0x00, 0x00, 0x00, 0x00, 0x00, 0x05, 0xFE, 0x00, 0x00, 0x00, 0x5F,
    0xF0, 0x00, 0x00, 0x00, 0x00, 0x00, 0x0C, 0xF7, 0x00, 0x00, 0x00, 0x5F, 0xF0, 0x00, 0x00, 0x00,
    0x00, 0x00, 0x5F, 0xE1, 0x00, 0x00, 0x00, 0x5F, 0xF0, 0x00, 0x00, 0x00, 0x00, 0x00, 0xCF, 0x80,
    0x00, 0x00, 0x00, 0x5F, 0xF0, 0x00, 0x00, 0x00, 0x00, 0x04, 0xFF, 0x20, 0x00, 0x00, 0x00, 0x5F,
    0xFD, 0xDD, 0xDD, 0xDD, 0x50, 0x0C, 0xF9, 0x00, 0x00, 0x00, 0x00, 0x5F, 0xFF, 0xFF, 0xFF, 0xFF,
    0x50, 0x00, 0x00, 0x00, 0x49, 0xCE, 0xFE, 0xCA, 0x51, 0x00, 0x00, 0x1B, 0xFF, 0xFE, 0xDE, 0xFF,
    0xF6, 0x00, 0x02, 0xDF, 0xE8, 0x20, 0x00, 0x38, 0xC0, 0x00, 0x0C, 0xFE, 0x30, 0x00, 0x00, 0x00,
    0x00, 0x00, 0x7F, 0xF4, 0x00, 0x00, 0x00, 0x00, 0x00, 0x00, 0xDF, 0xB0, 0x00, 0x00, 0x00, 0x00,
    0x00, 0x02, 0xFF, 0x60, 0x00, 0x00, 0x00, 0x00, 0x00, 0x05, 0xFF, 0x30, 0x00, 0x00, 0x00, 0x00,
    0x00, 0x06, 0xFF, 0x10, 0x00, 0x00, 0x00, 0x00, 0x00, 0x05, 0xFF, 0x10, 0x00, 0x00, 0x00, 0x00,
    0x00, 0x04, 0xFF, 0x30, 0x00, 0x00, 0x00, 0x00, 0x00, 0x02, 0xFF, 0x50, 0x00, 0x00, 0x00, 0x00,
    0x00, 0x00, 0xDF, 0xA0, 0x00, 0x00, 0x00, 0x00, 0x00, 0x00, 0x8F, 0xF3, 0x00, 0x00, 0x00, 0x00,
    0x00, 0x00, 0x1E, 0xFD, 0x20, 0x00, 0x00, 0x00, 0x00, 0x00, 0x04, 0xFF, 0xE7, 0x20, 0x00, 0x13,
    0x60, 0x00, 0x00, 0x3E, 0xFF, 0xFE, 0xDE, 0xFF, 0xD0, 0x00, 0x00, 0x01, 0x6B, 0xDF, 0xFE, 0xDA,
    0x60, 0x00, 0x00, 0x00, 0x00, 0x0A, 0x60, 0x00, 0x00, 0x00, 0x00, 0x00, 0x00, 0x6F, 0x50, 0x00,
    0x00, 0x00, 0x00, 0x00, 0x00, 0x6C, 0xFA, 0x00, 0x00, 0x00, 0x00, 0x00, 0x00, 0x00, 0xAF, 0x30,
    0x00, 0x00, 0x00, 0x00, 0x02, 0x23, 0xDF, 0x20, 0x00, 0x00, 0x00, 0x00, 0x0D, 0xFF, 0xE6, 0x00,
    0x00, 0x00, 0x00, 0x00, 0x03, 0x43, 0x10, 0x00, 0x00, 0x00, 0x00, 0x4F, 0xF9, 0x00, 0x00, 0x00,
    0x00, 0x00, 0x06, 0xFF, 0x30, 0x00, 0x00, 0x00, 0x00, 0x00, 0x7F, 0xC0, 0x00, 0x00, 0x00, 0x00,
    0x00, 0x05, 0xF9, 0x00, 0x00, 0x00, 0x00, 0x00, 0x00, 0x00, 0x00, 0x00, 0x00, 0x00, 0x00, 0x00,
    0x00, 0x00, 0x00, 0x00, 0x00, 0x00, 0x00, 0x00, 0x00, 0x00, 0x00, 0x7F, 0xFF, 0xFF, 0xFF, 0xFF,
    0xD0, 0x00, 0x7F, 0xFD, 0xDD, 0xDD, 0xDD, 0xC0, 0x00, 0x7F, 0xD0, 0x00, 0x00, 0x00, 0x00, 0x00,
    0x7F, 0xD0, 0x00, 0x00, 0x00, 0x00, 0x00, 0x7F, 0xD0, 0x00, 0x00, 0x00, 0x00, 0x00, 0x7F, 0xD0,
    0x00, 0x00, 0x00, 0x00, 0x00, 0x7F, 0xD0, 0x00, 0x00, 0x00, 0x00, 0x00, 0x7F, 0xFD, 0xDD, 0xDD,
    0xDD, 0x60, 0x00, 0x7F, 0xFF, 0xFF, 0xFF, 0xFF, 0x60, 0x00, 0x7F, 0xD0, 0x00, 0x00, 0x00, 0x00,
    0x00, 0x7F, 0xD0, 0x00, 0x00, 0x00, 0x00, 0x00, 0x7F, 0xD0, 0x00, 0x00, 0x00, 0x00, 0x00, 0x7F,
    0xD0, 0x00, 0x00, 0x00, 0x00, 0x00, 0x7F, 0xD0, 0x00, 0x00, 0x00, 0x00, 0x00, 0x7F, 0xD0, 0x00,
    0x00, 0x00, 0x00, 0x00, 0x7F, 0xD0, 0x00, 0x00, 0x00, 0x00, 0x00, 0x7F, 0xFD, 0xDD, 0xDD, 0xDD,
    0xC0, 0x00, 0x7F, 0xFF, 0xFF, 0xFF, 0xFF, 0xD0, 0x00, 0x00, 0x00, 0x00, 0x4F, 0xF9, 0x00, 0x00,
    0x00, 0x00, 0x00, 0xDF, 0xB0, 0x00, 0x00, 0x00, 0x00, 0x08, 0xFB, 0x00, 0x00, 0x00, 0x00, 0x00,
    0x4F, 0x90, 0x00, 0x00, 0x00, 0x00, 0x00, 0x00, 0x00, 0x00, 0x00, 0x00, 0x00, 0x00, 0x00, 0x00,
    0x00, 0x00, 0x00, 0x00, 0x00, 0x00, 0x00, 0x00, 0x00, 0x00, 0x7F, 0xFF, 0xFF, 0xFF, 0xFF, 0xD0,
    0x00, 0x7F, 0xFD, 0xDD, 0xDD, 0xDD, 0xC0, 0x00, 0x7F, 0xD0, 0x00, 0x00, 0x00, 0x00, 0x00, 0x7F,
    0xD0, 0x00, 0x00, 0x00, 0x00, 0x00, 0x7F, 0xD0, 0x00, 0x00, 0x00, 0x00, 0x00, 0x7F, 0xD0, 0x00,
    0x00, 0x00, 0x00, 0x00, 0x7F, 0xD0, 0x00, 0x00, 0x00, 0x00, 0x00, 0x7F, 0xFD, 0xDD, 0xDD, 0xDD,
    0x60, 0x00, 0x7F, 0xFF, 0xFF, 0xFF, 0xFF, 0x60, 0x00, 0x7F, 0xD0, 0x00, 0x00, 0x00, 0x00, 0x00,
    0x7F, 0xD0, 0x00, 0x00, 0x00, 0x00, 0x00, 0x7F, 0xD0, 0x00, 0x00, 0x00, 0x00, 0x00, 0x7F, 0xD0,
    0x00, 0x00, 0x00, 0x00, 0x00, 0x7F, 0xD0, 0x00, 0x00, 0x00, 0x00, 0x00, 0x7F, 0xD0, 0x00, 0x00,
    0x00, 0x00, 0x00, 0x7F, 0xD0, 0x00, 0x00, 0x00, 0x00, 0x00, 0x7F, 0xFD, 0xDD, 0xDD, 0xDD, 0xC0,
    0x00, 0x7F, 0xFF, 0xFF, 0xFF, 0xFF, 0xD0, 0x00, 0x00, 0x00, 0xAF, 0xF6, 0x00, 0x00, 0x00, 0x00,
    0x06, 0xFE, 0xFF, 0x40, 0x00, 0x00, 0x00, 0x5F, 0xD3, 0x5F, 0xE3, 0x00, 0x00, 0x03, 0xFB, 0x10,
    0x03, 0xCE, 0x20, 0x00, 0x00, 0x00, 0x00, 0x00, 0x00, 0x00, 0x00, 0x00, 0x00, 0x00, 0x00, 0x00,
    0x00, 0x00, 0x00, 0x00, 0x00, 0x00, 0x00, 0x00, 0x00, 0x7F, 0xFF, 0xFF, 0xFF, 0xFF, 0xD0, 0x00,
    0x7F, 0xFD, 0xDD, 0xDD, 0xDD, 0xC0, 0x00, 0x7F, 0xD0, 0x00, 0x00, 0x00, 0x00, 0x00, 0x7F, 0xD0,
    0x00, 0x00, 0x00, 0x00, 0x00, 0x7F, 0xD0, 0x00, 0x00, 0x00, 0x00, 0x00, 0x7F, 0xD0, 0x00, 0x00,
    0x00, 0x00, 0x00, 0x7F, 0xD0, 0x00, 0x00, 0x00, 0x00, 0x00, 0x7F, 0xFD, 0xDD, 0xDD, 0xDD, 0x60,
    0x00, 0x7F, 0xFF, 0xFF, 0xFF, 0xFF, 0x60, 0x00, 0x7F, 0xD0, 0x00, 0x00, 0x00, 0x00, 0x00, 0x7F,
    0xD0, 0x00, 0x00, 0x00, 0x00, 0x00, 0x7F, 0xD0, 0x00, 0x00, 0x00, 0x00, 0x00, 0x7F, 0xD0, 0x00,
    0x00, 0x00, 0x00, 0x00, 0x7F, 0xD0, 0x00, 0x00, 0x00, 0x00, 0x00, 0x7F, 0xD0, 0x00, 0x00, 0x00,
    0x00, 0x00, 0x7F, 0xD0, 0x00, 0x00, 0x00, 0x00, 0x00, 0x7F, 0xFD, 0xDD, 0xDD, 0xDD, 0xC0, 0x00,
    0x7F, 0xFF, 0xFF, 0xFF, 0xFF, 0xD0, 0x00, 0x00, 0x4C, 0x50, 0x06, 0xC3, 0x00, 0x00, 0x00, 0xAF,
    0xA0, 0x0C, 0xF9, 0x00, 0x00, 0x00, 0x6E, 0x60, 0x07, 0xE4, 0x00, 0x00, 0x00, 0x00, 0x00, 0x00,
    0x00, 0x00, 0x00, 0x00, 0x00, 0x00, 0x00, 0x00, 0x00, 0x00, 0x00, 0x00, 0x00, 0x00, 0x00, 0x00,
    0x00, 0x7F, 0xFF, 0xFF, 0xFF, 0xFF, 0xD0, 0x00, 0x7F, 0xFD, 0xDD, 0xDD, 0xDD, 0xC0, 0x00, 0x7F,
    0xD0, 0x00, 0x00, 0x00, 0x00, 0x00, 0x7F, 0xD0, 0x00, 0x00, 0x00, 0x00, 0x00, 0x7F, 0xD0, 0x00,
    0x00, 0x00, 0x00, 0x00, 0x7F, 0xD0, 0x00, 0x00, 0x00, 0x00, 0x00, 0x7F, 0xD0, 0x00, 0x00, 0x00,
    0x00, 0x00, 0x7F, 0xFD, 0xDD, 0xDD, 0xDD, 0x60, 0x00, 0x7F, 0xFF, 0xFF, 0xFF, 0xFF, 0x60, 0x00,
    0x7F, 0xD0, 0x00, 0x00, 0x00, 0x00, 0x00, 0x7F, 0xD0, 0x00, 0x00, 0x00, 0x00, 0x00, 0x7F, 0xD0,
    0x00, 0x00, 0x00, 0x00, 0x00, 0x7F, 0xD0, 0x00, 0x00, 0x00, 0x00, 0x00, 0x7F, 0xD0, 0x00, 0x00,
    0x00, 0x00, 0x00, 0x7F, 0xD0, 0x00, 0x00, 0x00, 0x00, 0x00, 0x7F, 0xD0, 0x00, 0x00, 0x00, 0x00,
    0x00, 0x7F, 0xFD, 0xDD, 0xDD, 0xDD, 0xC0, 0x00, 0x7F, 0xFF, 0xFF, 0xFF, 0xFF, 0xD0, 0x0B, 0xFE,
    0x20, 0x00, 0x00, 0x1D, 0xFA, 0x00, 0x00, 0x00, 0x2D, 0xF5, 0x00, 0x00, 0x00, 0x1C, 0xE2, 0x00,
    0x00, 0x00, 0x00, 0x00, 0x00, 0x00, 0x00, 0x00, 0x00, 0x00, 0x00, 0x00, 0x00, 0x00, 0xEF, 0xFF,
    0xFF, 0xB0, 0x09, 0xDF, 0xFF, 0xD7, 0x00, 0x00, 0xCF, 0x90, 0x00, 0x00, 0x0C, 0xF8, 0x00, 0x00,
    0x00, 0xCF, 0x80, 0x00, 0x00, 0x0C, 0xF8, 0x00, 0x00, 0x00, 0xCF, 0x80, 0x00, 0x00, 0x0C, 0xF8,
    0x00, 0x00, 0x00, 0xCF, 0x80, 0x00, 0x00, 0x0C, 0xF8, 0x00, 0x00, 0x00, 0xCF, 0x80, 0x00, 0x00,
    0x0C, 0xF8, 0x00, 0x00, 0x00, 0xCF, 0x80, 0x00, 0x00, 0x0C, 0xF8, 0x00, 0x00, 0x00, 0xCF, 0x80,
    0x00, 0x00, 0x0C, 0xF8, 0x00, 0x00, 0x69, 0xEF, 0xD8, 0x40, 0x0E, 0xFF, 0xFF, 0xFB, 0x00, 0x00,
    0x00, 0x0C, 0xFE, 0x20, 0x00, 0x06, 0xFE, 0x40, 0x00, 0x02, 0xEF, 0x40, 0x00, 0x00, 0xCE, 0x30,
    0x00, 0x00, 0x00, 0x00, 0x00, 0x00, 0x00, 0x00, 0x00, 0x00, 0x00, 0x00, 0x00, 0x00, 0x00, 0xEF,
    0xFF, 0xFF, 0xB0, 0x09, 0xDF, 0xFF, 0xD7, 0x00, 0x00, 0xCF, 0x90, 0x00, 0x00, 0x0C, 0xF8, 0x00,
    0x00, 0x00, 0xCF, 0x80, 0x00, 0x00, 0x0C, 0xF8, 0x00, 0x00, 0x00, 0xCF, 0x80, 0x00, 0x00, 0x0C,
    0xF8, 0x00, 0x00, 0x00, 0xCF, 0x80, 0x00, 0x00, 0x0C, 0xF8, 0x00, 0x00, 0x00, 0xCF, 0x80, 0x00,
    0x00, 0x0C, 0xF8, 0x00, 0x00, 0x00, 0xCF, 0x80, 0x00, 0x00, 0x0C, 0xF8, 0x00, 0x00, 0x00, 0xCF,
    0x80, 0x00, 0x00, 0x0C, 0xF8, 0x00, 0x00, 0x69, 0xEF, 0xD8, 0x40, 0x0E, 0xFF, 0xFF, 0xFB, 0x00,
    0x00, 0x3F, 0xFD, 0x10, 0x00, 0x1D, 0xFE, 0xFA, 0x00, 0x1C, 0xF8, 0x1B, 0xF9, 0x0B, 0xE5, 0x00,
    0x08, 0xF8, 0x00, 0x00, 0x00, 0x00, 0x00, 0x00, 0x00, 0x00, 0x00, 0x00, 0x00, 0x00, 0x00, 0x00,
    0xEF, 0xFF, 0xFF, 0xB0, 0x09, 0xDF, 0xFF, 0xD7, 0x00, 0x00, 0xCF, 0x90, 0x00, 0x00, 0x0C, 0xF8,
    0x00, 0x00, 0x00, 0xCF, 0x80, 0x00, 0x00, 0x0C, 0xF8, 0x00, 0x00, 0x00, 0xCF, 0x80, 0x00, 0x00,
    0x0C, 0xF8, 0x00, 0x00, 0x00, 0xCF, 0x80, 0x00, 0x00, 0x0C, 0xF8, 0x00, 0x00, 0x00, 0xCF, 0x80,
    0x00, 0x00, 0x0C, 0xF8, 0x00, 0x00, 0x00, 0xCF, 0x80, 0x00, 0x00, 0x0C, 0xF8, 0x00, 0x00, 0x00,
    0xCF, 0x80, 0x00, 0x00, 0x0C, 0xF8, 0x00, 0x00, 0x69, 0xEF, 0xD8, 0x40, 0x0E, 0xFF, 0xFF, 0xFB,
    0x00, 0x0A, 0xA0, 0x01, 0xB9, 0x03, 0xFF, 0x30, 0x4F, 0xF1, 0x1C, 0xC1, 0x01, 0xDB, 0x00, 0x00,
    0x00, 0x00, 0x00, 0x00, 0x00, 0x00, 0x00, 0x00, 0x00, 0x00, 0x00, 0x00, 0x0E, 0xFF, 0xFF, 0xFB,
    0x00, 0x9D, 0xFF, 0xFD, 0x70, 0x00, 0x0C, 0xF9, 0x00, 0x00, 0x00, 0xCF, 0x80, 0x00, 0x00, 0x0C,
    0xF8, 0x00, 0x00, 0x00, 0xCF, 0x80, 0x00, 0x00, 0x0C, 0xF8, 0x00, 0x00, 0x00, 0xCF, 0x80, 0x00,
    0x00, 0x0C, 0xF8, 0x00, 0x00, 0x00, 0xCF, 0x80, 0x00, 0x00, 0x0C, 0xF8, 0x00, 0x00, 0x00, 0xCF,
    0x80, 0x00, 0x00, 0x0C, 0xF8, 0x00, 0x00, 0x00, 0xCF, 0x80, 0x00, 0x00, 0x0C, 0xF8, 0x00, 0x00,
    0x00, 0xCF, 0x80, 0x00, 0x06, 0x9E, 0xFD, 0x84, 0x00, 0xEF, 0xFF, 0xFF, 0xB0, 0x00, 0x4F, 0xFF,
    0xFF, 0xFE, 0xC8, 0x30, 0x00, 0x00, 0x00, 0x04, 0xFF, 0xDD, 0xDE, 0xFF, 0xFF, 0xA1, 0x00, 0x00,
    0x00, 0x4F, 0xF1, 0x00, 0x00, 0x39, 0xFF, 0xE2, 0x00, 0x00, 0x04, 0xFF, 0x10, 0x00, 0x00, 0x03,
    0xDF, 0xC1, 0x00, 0x00, 0x4F, 0xF1, 0x00, 0x00, 0x00, 0x03, 0xFF, 0x80, 0x00, 0x04, 0xFF, 0x10,
    0x00, 0x00, 0x00, 0x0A, 0xFD, 0x00, 0x00, 0x4F, 0xF1, 0x00, 0x00, 0x00, 0x00, 0x5F, 0xF2, 0x00,
    0x04, 0xFF, 0x10, 0x00, 0x00, 0x00, 0x03, 0xFF, 0x50, 0x3F, 0xFF, 0xFF, 0xFF, 0xFA, 0x00, 0x00,
    0x2F, 0xF6, 0x03, 0xDE, 0xFF, 0xDD, 0xDD, 0x90, 0x00, 0x02, 0xFF, 0x50, 0x00, 0x4F, 0xF1, 0x00,
    0x00, 0x00, 0x00, 0x3F, 0xF4, 0x00, 0x04, 0xFF, 0x10, 0x00, 0x00, 0x00, 0x06, 0xFF, 0x10, 0x00,
    0x4F, 0xF1, 0x00, 0x00, 0x00, 0x00, 0xBF, 0xC0, 0x00, 0x04, 0xFF, 0x10, 0x00, 0x00, 0x00, 0x5F,
    0xF6, 0x00, 0x00, 0x4F, 0xF1, 0x00, 0x00, 0x00, 0x4E, 0xFC, 0x00, 0x00, 0x04, 0xFF, 0x10, 0x00,
    0x14, 0xAF, 0xFD, 0x20, 0x00, 0x00, 0x4F, 0xFD, 0xDD, 0xEF, 0xFF, 0xF9, 0x10, 0x00, 0x00, 0x04,
    0xFF, 0xFF, 0xFE, 0xDB, 0x72, 0x00, 0x00, 0x00, 0x00, 0x00, 0x00, 0x8E, 0xEA, 0x40, 0x1D, 0x80,
    0x00, 0x00, 0x00, 0x00, 0x06, 0xFE, 0xEF, 0xFE, 0xEF, 0x30, 0x00, 0x00, 0x00, 0x00, 0x0B, 0xB0,
    0x05, 0xBF, 0xD5, 0x00, 0x00, 0x00, 0x00, 0x00, 0x00, 0x00, 0x00, 0x00, 0x00, 0x00, 0x00, 0x00,
    0x00, 0x00, 0x00, 0x00, 0x00, 0x00, 0x00, 0x00, 0x00, 0x00, 0x00, 0x00, 0x00, 0x00, 0x00, 0x00,
    0x00, 0x00, 0x00, 0x00, 0x00, 0x7F, 0xF8, 0x00, 0x00, 0x00, 0x00, 0x0E, 0xF4, 0x00, 0x00, 0x7F,
    0xFF, 0x30, 0x00, 0x00, 0x00, 0x0E, 0xF4, 0x00, 0x00, 0x7F, 0xFF, 0xC0, 0x00, 0x00, 0x00, 0x0E,
    0xF4, 0x00, 0x00, 0x7F, 0xBF, 0xF7, 0x00, 0x00, 0x00, 0x0E, 0xF4, 0x00, 0x00, 0x7F, 0x89, 0xFF,
    0x20, 0x00, 0x00, 0x0E, 0xF4, 0x00, 0x00, 0x7F, 0x91, 0xDF, 0xB0, 0x00, 0x00, 0x0E, 0xF4, 0x00,
    0x00, 0x7F, 0xA0, 0x4F, 0xF6, 0x00, 0x00, 0x0E, 0xF4, 0x00, 0x00, 0x7F, 0xA0, 0x09, 0xFE, 0x20,
    0x00, 0x0E, 0xF4, 0x00, 0x00, 0x7F, 0xA0, 0x01, 0xDF, 0xA0, 0x00, 0x0E, 0xF4, 0x00, 0x00, 0x7F,
    0xA0, 0x00, 0x3F, 0xF5, 0x00, 0x0E, 0xF4, 0x00, 0x00, 0x7F, 0xA0, 0x00, 0x08, 0xFE, 0x10, 0x0E,
    0xF4, 0x00, 0x00, 0x7F, 0xA0, 0x00, 0x00, 0xDF, 0xA0, 0x0E, 0xF4, 0x00, 0x00, 0x7F, 0xA0, 0x00,
    0x00, 0x3F, 0xF4, 0x0E, 0xF4, 0x00, 0x00, 0x7F, 0xA0, 0x00, 0x00, 0x08, 0xFD, 0x1D, 0xF4, 0x00,
    0x00, 0x7F, 0xA0, 0x00, 0x00, 0x00, 0xCF, 0x9C, 0xF4, 0x00, 0x00, 0x7F, 0xA0, 0x00, 0x00, 0x00,
    0x3F, 0xFE, 0xF4, 0x00, 0x00, 0x7F, 0xA0, 0x00, 0x00, 0x00, 0x07, 0xFF, 0xF4, 0x00, 0x00, 0x7F,
    0xA0, 0x00, 0x00, 0x00, 0x00, 0xCF, 0xF4, 0x00, 0x00, 0x00, 0x00, 0x1E, 0xFC, 0x00, 0x00, 0x00,
    0x00, 0x00, 0x00, 0x00, 0x00, 0x03, 0xEF, 0x60, 0x00, 0x00, 0x00, 0x00, 0x00, 0x00, 0x00, 0x00,
    0x4E, 0xE2, 0x00, 0x00, 0x00, 0x00, 0x00, 0x00, 0x00, 0x00, 0x03, 0xEC, 0x00, 0x00, 0x00, 0x00,
    0x00, 0x00, 0x00, 0x00, 0x00, 0x00, 0x00, 0x00, 0x00, 0x00, 0x00, 0x00, 0x00, 0x00, 0x00, 0x00,
    0x00, 0x00, 0x00, 0x00, 0x00, 0x00, 0x00, 0x00, 0x00, 0x00, 0x00, 0x00, 0x00, 0x00, 0x00, 0x00,
    0x00, 0x6A, 0xDE, 0xFE, 0xB7, 0x10, 0x00, 0x00, 0x00, 0x00, 0x3D, 0xFF, 0xFE, 0xEF, 0xFF, 0xE5,
    0x00, 0x00, 0x00, 0x04, 0xFF, 0xD5, 0x10, 0x00, 0x3A, 0xFF, 0x70, 0x00, 0x00, 0x1E, 0xFC, 0x10,
    0x00, 0x00, 0x00, 0x7F, 0xF4, 0x00, 0x00, 0x8F, 0xE2, 0x00, 0x00, 0x00, 0x00, 0x0B, 0xFC, 0x00,
    0x00, 0xDF, 0x90, 0x00, 0x00, 0x00, 0x00, 0x05, 0xFF, 0x20, 0x02, 0xFF, 0x50, 0x00, 0x00, 0x00,
    0x00, 0x00, 0xFF, 0x70, 0x04, 0xFF, 0x20, 0x00, 0x00, 0x00, 0x00, 0x00, 0xDF, 0x90, 0x05, 0xFF,
    0x10, 0x00, 0x00, 0x00, 0x00, 0x00, 0xCF, 0xA0, 0x05, 0xFF, 0x10, 0x00, 0x00, 0x00, 0x00, 0x00,
    0xCF, 0xA0, 0x04, 0xFF, 0x20, 0x00, 0x00, 0x00, 0x00, 0x00, 0xDF, 0x90, 0x02, 0xFF, 0x50, 0x00,
    0x00, 0x00, 0x00, 0x01, 0xFF, 0x70, 0x00, 0xDF, 0xA0, 0x00, 0x00, 0x00, 0x00, 0x05, 0xFF, 0x20,
    0x00, 0x8F, 0xE2, 0x00, 0x00, 0x00, 0x00, 0x0C, 0xFC, 0x00, 0x00, 0x1E, 0xFC, 0x10, 0x00, 0x00,
    0x00, 0x7F, 0xF3, 0x00, 0x00, 0x04, 0xFF, 0xD5, 0x10, 0x00, 0x3A, 0xFF, 0x70, 0x00, 0x00, 0x00,
    0x3D, 0xFF, 0xFE, 0xEF, 0xFF, 0xE5, 0x00, 0x00, 0x00, 0x00, 0x01, 0x6A, 0xDF, 0xFE, 0xB7, 0x10,
    0x00, 0x00, 0x00, 0x00, 0x00, 0x00, 0x00, 0x1E, 0xFC, 0x00, 0x00, 0x00, 0x00, 0x00, 0x00, 0x00,
    0x00, 0xAF, 0xD1, 0x00, 0x00, 0x00, 0x00, 0x00, 0x00, 0x00, 0x05, 0xFD, 0x20, 0x00, 0x00, 0x00,
    0x00, 0x00, 0x00, 0x00, 0x1E, 0xC1, 0x00, 0x00, 0x00, 0x00, 0x00, 0x00, 0x00, 0x00, 0x00, 0x00,
    0x00, 0x00, 0x00, 0x00, 0x00, 0x00, 0x00, 0x00, 0x00, 0x00, 0x00, 0x00, 0x00, 0x00, 0x00, 0x00,
    0x00, 0x00, 0x00, 0x00, 0x00, 0x00, 0x00, 0x00, 0x00, 0x00, 0x00, 0x6A, 0xDE, 0xFE, 0xB7, 0x10,
    0x00, 0x00, 0x00, 0x00, 0x3D, 0xFF, 0xFE, 0xEF, 0xFF, 0xE5, 0x00, 0x00, 0x00, 0x04, 0xFF, 0xD5,
    0x10, 0x00, 0x3A, 0xFF, 0x70, 0x00, 0x00, 0x1E, 0xFC, 0x10, 0x00, 0x00, 0x00, 0x7F, 0xF4, 0x00,
    0x00, 0x8F, 0xE2, 0x00, 0x00, 0x00, 0x00, 0x0B, 0xFC, 0x00, 0x00, 0xDF, 0x90, 0x00, 0x00, 0x00,
    0x00, 0x05, 0xFF, 0x20, 0x02, 0xFF, 0x50, 0x00, 0x00, 0x00, 0x00, 0x00, 0xFF, 0x70, 0x04, 0xFF,
    0x20, 0x00, 0x00, 0x00, 0x00, 0x00, 0xDF, 0x90, 0x05, 0xFF, 0x10, 0x00, 0x00, 0x00, 0x00, 0x00,
    0xCF, 0xA0, 0x05, 0xFF, 0x10, 0x00, 0x00, 0x00, 0x00, 0x00, 0xCF, 0xA0, 0x04, 0xFF, 0x20, 0x00,
    0x00, 0x00, 0x00, 0x00, 0xDF, 0x90, 0x02, 0xFF, 0x50, 0x00, 0x00, 0x00, 0x00, 0x01, 0xFF, 0x70,
    0x00, 0xDF, 0xA0, 0x00, 0x00, 0x00, 0x00, 0x05, 0xFF, 0x20, 0x00, 0x8F, 0xE2, 0x00, 0x00, 0x00,
    0x00, 0x0C, 0xFC, 0x00, 0x00, 0x1E, 0xFC, 0x10, 0x00, 0x00, 0x00, 0x7F, 0xF3, 0x00, 0x00, 0x04,
    0xFF, 0xD5, 0x10, 0x00, 0x3A, 0xFF, 0x70, 0x00, 0x00, 0x00, 0x3D, 0xFF, 0xFE, 0xEF, 0xFF, 0xE5,
    0x00, 0x00, 0x00, 0x00, 0x01, 0x6A, 0xDF, 0xFE, 0xB7, 0x10, 0x00, 0x00, 0x00, 0x00, 0x00, 0x00,
    0x6F, 0xFA, 0x00, 0x00, 0x00, 0x00, 0x00, 0x00, 0x00, 0x03, 0xEF, 0xEF, 0x70, 0x00, 0x00, 0x00,
    0x00, 0x00, 0x00, 0x2E, 0xF5, 0x3D, 0xF5, 0x00, 0x00, 0x00, 0x00, 0x00, 0x01, 0xDD, 0x30, 0x01,
    0xAF, 0x50, 0x00, 0x00, 0x00, 0x00, 0x00, 0x00, 0x00, 0x00, 0x00, 0x00, 0x00, 0x00, 0x00, 0x00,
    0x00, 0x00, 0x00, 0x00, 0x00, 0x00, 0x00, 0x00, 0x00, 0x00, 0x00, 0x00, 0x00, 0x00, 0x00, 0x00,
    0x00, 0x00, 0x00, 0x00, 0x00, 0x6A, 0xDE, 0xFE, 0xB7, 0x10, 0x00, 0x00, 0x00, 0x00, 0x3D, 0xFF,
    0xFE, 0xEF, 0xFF, 0xE5, 0x00, 0x00, 0x00, 0x04, 0xFF, 0xD5, 0x10, 0x00, 0x3A, 0xFF, 0x70, 0x00,
    0x00, 0x1E, 0xFC, 0x10, 0x00, 0x00, 0x00, 0x7F, 0xF4, 0x00, 0x00, 0x8F, 0xE2, 0x00, 0x00, 0x00,
    0x00, 0x0B, 0xFC, 0x00, 0x00, 0xDF, 0x90, 0x00, 0x00, 0x00, 0x00, 0x05, 0xFF, 0x20, 0x02, 0xFF,
    0x50, 0x00, 0x00, 0x00, 0x00, 0x00, 0xFF, 0x70, 0x04, 0xFF, 0x20, 0x00, 0x00, 0x00, 0x00, 0x00,
    0xDF, 0x90, 0x05, 0xFF, 0x10, 0x00, 0x00, 0x00, 0x00, 0x00, 0xCF, 0xA0, 0x05, 0xFF, 0x10, 0x00,
    0x00, 0x00, 0x00, 0x00, 0xCF, 0xA0, 0x04, 0xFF, 0x20, 0x00, 0x00, 0x00, 0x00, 0x00, 0xDF, 0x90,
    0x02, 0xFF, 0x50, 0x00, 0x00, 0x00, 0x00, 0x01, 0xFF, 0x70, 0x00, 0xDF, 0xA0, 0x00, 0x00, 0x00,
    0x00, 0x05, 0xFF, 0x20, 0x00, 0x8F, 0xE2, 0x00, 0x00, 0x00, 0x00, 0x0C, 0xFC, 0x00, 0x00, 0x1E,
    0xFC, 0x10, 0x00, 0x00, 0x00, 0x7F, 0xF3, 0x00, 0x00, 0x04, 0xFF, 0xD5, 0x10, 0x00, 0x3A, 0xFF,
    0x70, 0x00, 0x00, 0x00, 0x3D, 0xFF, 0xFE, 0xEF, 0xFF, 0xE5, 0x00, 0x00, 0x00, 0x00, 0x01, 0x6A,
    0xDF, 0xFE, 0xB7, 0x10, 0x00, 0x00, 0x00, 0x00, 0x00, 0x5D, 0xFC, 0x61, 0x09, 0xC0, 0x00, 0x00,
    0x00, 0x00, 0x02, 0xFF, 0xEF, 0xFF, 0xEF, 0x70, 0x00, 0x00, 0x00, 0x00, 0x07, 0xE1, 0x03, 0xAE,
    0xE9, 0x00, 0x00, 0x00, 0x00, 0x00, 0x00, 0x00, 0x00, 0x00, 0x00, 0x00, 0x00, 0x00, 0x00, 0x00,
    0x00, 0x00, 0x00, 0x00, 0x00, 0x00, 0x00, 0x00, 0x00, 0x00, 0x00, 0x00, 0x00, 0x00, 0x00, 0x00,
    0x00, 0x00, 0x00, 0x00, 0x00, 0x6A, 0xDE, 0xFE, 0xB7, 0x10, 0x00, 0x00, 0x00, 0x00, 0x3D, 0xFF,
    0xFE, 0xEF, 0xFF, 0xE5, 0x00, 0x00, 0x00, 0x04, 0xFF, 0xD5, 0x10, 0x00, 0x3A, 0xFF, 0x70, 0x00,
    0x00, 0x1E, 0xFC, 0x10, 0x00, 0x00, 0x00, 0x7F, 0xF4, 0x00, 0x00, 0x8F, 0xE2, 0x00, 0x00, 0x00,
    0x00, 0x0B, 0xFC, 0x00, 0x00, 0xDF, 0x90, 0x00, 0x00, 0x00, 0x00, 0x05, 0xFF, 0x20, 0x02, 0xFF,
    0x50, 0x00, 0x00, 0x00, 0x00, 0x00, 0xFF, 0x70, 0x04, 0xFF, 0x20, 0x00, 0x00, 0x00, 0x00, 0x00,
    0xDF, 0x90, 0x05, 0xFF, 0x10, 0x00, 0x00, 0x00, 0x00, 0x00, 0xCF, 0xA0, 0x05, 0xFF, 0x10, 0x00,
    0x00, 0x00, 0x00, 0x00, 0xCF, 0xA0, 0x04, 0xFF, 0x20, 0x00, 0x00, 0x00, 0x00, 0x00, 0xDF, 0x90,
    0x02, 0xFF, 0x50, 0x00, 0x00, 0x00, 0x00, 0x01, 0xFF, 0x70, 0x00, 0xDF, 0xA0, 0x00, 0x00, 0x00,
    0x00, 0x05, 0xFF, 0x20, 0x00, 0x8F, 0xE2, 0x00, 0x00, 0x00, 0x00, 0x0C, 0xFC, 0x00, 0x00, 0x1E,
    0xFC, 0x10, 0x00, 0x00, 0x00, 0x7F, 0xF3, 0x00, 0x00, 0x04, 0xFF, 0xD5, 0x10, 0x00, 0x3A, 0xFF,
    0x70, 0x00, 0x00, 0x00, 0x3D, 0xFF, 0xFE, 0xEF, 0xFF, 0xE5, 0x00, 0x00, 0x00, 0x00, 0x01, 0x6A,
    0xDF, 0xFE, 0xB7, 0x10, 0x00, 0x00, 0x00, 0x00, 0x00, 0x2C, 0x80, 0x03, 0xC6, 0x00, 0x00, 0x00,
    0x00, 0x00, 0x00, 0x7F, 0xE0, 0x08, 0xFC, 0x00, 0x00, 0x00, 0x00, 0x00, 0x00, 0x3E, 0x90, 0x04,
    0xE7, 0x00, 0x00, 0x00, 0x00, 0x00, 0x00, 0x00, 0x00, 0x00, 0x00, 0x00, 0x00, 0x00, 0x00, 0x00,
    0x00, 0x00, 0x00, 0x00, 0x00, 0x00, 0x00, 0x00, 0x00, 0x00, 0x00, 0x00, 0x00, 0x00, 0x00, 0x00,
    0x00, 0x00, 0x00, 0x00, 0x00, 0x6A, 0xDE, 0xFE, 0xB7, 0x10, 0x00, 0x00, 0x00, 0x00, 0x3D, 0xFF,
    0xFE, 0xEF, 0xFF, 0xE5, 0x00, 0x00, 0x00, 0x04, 0xFF, 0xD5, 0x10, 0x00, 0x3A, 0xFF, 0x70, 0x00,
    0x00, 0x1E, 0xFC, 0x10, 0x00, 0x00, 0x00, 0x7F, 0xF4, 0x00, 0x00, 0x8F, 0xE2, 0x00, 0x00, 0x00,
    0x00, 0x0B, 0xFC, 0x00, 0x00, 0xDF, 0x90, 0x00, 0x00, 0x00, 0x00, 0x05, 0xFF, 0x20, 0x02, 0xFF,
    0x50, 0x00, 0x00, 0x00, 0x00, 0x00, 0xFF, 0x70, 0x04, 0xFF, 0x20, 0x00, 0x00, 0x00, 0x00, 0x00,
    0xDF, 0x90, 0x05, 0xFF, 0x10, 0x00, 0x00, 0x00, 0x00, 0x00, 0xCF, 0xA0, 0x05, 0xFF, 0x10, 0x00,
    0x00, 0x00, 0x00, 0x00, 0xCF, 0xA0, 0x04, 0xFF, 0x20, 0x00, 0x00, 0x00, 0x00, 0x00, 0xDF, 0x90,
    0x02, 0xFF, 0x50, 0x00, 0x00, 0x00, 0x00, 0x01, 0xFF, 0x70, 0x00, 0xDF, 0xA0, 0x00, 0x00, 0x00,
    0x00, 0x05, 0xFF, 0x20, 0x00, 0x8F, 0xE2, 0x00, 0x00, 0x00, 0x00, 0x0C, 0xFC, 0x00, 0x00, 0x1E,
    0xFC, 0x10, 0x00, 0x00, 0x00, 0x7F, 0xF3, 0x00, 0x00, 0x04, 0xFF, 0xD5, 0x10, 0x00, 0x3A, 0xFF,
    0x70, 0x00, 0x00, 0x00, 0x3D, 0xFF, 0xFE, 0xEF, 0xFF, 0xE5, 0x00, 0x00, 0x00, 0x00, 0x01, 0x6A,
    0xDF, 0xFE, 0xB7, 0x10, 0x00, 0x00, 0x00, 0x67, 0x00, 0x00, 0x00, 0x08, 0x40, 0x00, 0x2F, 0xF6,
    0x00, 0x00, 0x08, 0xFD, 0x00, 0x00, 0x4F, 0xF6, 0x00, 0x09, 0xFE, 0x20, 0x00, 0x00, 0x4F, 0xF6,
    0x09, 0xFE, 0x20, 0x00, 0x00, 0x00, 0x4F, 0xFB, 0xFE, 0x20, 0x00, 0x00, 0x00, 0x00, 0x4F, 0xFE,
    0x20, 0x00, 0x00, 0x00, 0x00, 0x09, 0xFF, 0xF6, 0x00, 0x00, 0x00, 0x00, 0x09, 0xFE, 0x7F, 0xF6,
    0x00, 0x00, 0x00, 0x09, 0xFE, 0x20, 0x4F, 0xF6, 0x00, 0x00, 0x09, 0xFE, 0x30, 0x00, 0x4F, 0xF6,
    0x00, 0x01, 0xDE, 0x30, 0x00, 0x00, 0x4F, 0xC0, 0x00, 0x02, 0x30, 0x00, 0x00, 0x00, 0x41, 0x00,
    0x00, 0x00, 0x00, 0x00, 0x00, 0x00, 0x00, 0x00, 0x00, 0x00, 0x00, 0x00, 0x00, 0x00, 0x00, 0x00,
    0x00, 0x00, 0x00, 0x00, 0x00, 0x00, 0x00, 0x00, 0x00, 0x00, 0x00, 0x00, 0x00, 0x00, 0x02, 0x40,
    0x00, 0x00, 0x00, 0x00, 0x6A, 0xDE, 0xFE, 0xB6, 0x1B, 0xF5, 0x00, 0x00, 0x00, 0x3D, 0xFF, 0xFE,
    0xEF, 0xFF, 0xFF, 0xC1, 0x00, 0x00, 0x04, 0xFF, 0xD5, 0x10, 0x01, 0x5D, 0xFF, 0x80, 0x00, 0x00,
    0x1E, 0xFC, 0x10, 0x00, 0x00, 0x1D, 0xFF, 0xF4, 0x00, 0x00, 0x8F, 0xE2, 0x00, 0x00, 0x00, 0xAF,
    0xAC, 0xFC, 0x00, 0x00, 0xDF, 0x90, 0x00, 0x00, 0x06, 0xFD, 0x15, 0xFF, 0x30, 0x02, 0xFF, 0x50,
    0x00, 0x00, 0x3F, 0xE3, 0x01, 0xFF, 0x70, 0x04, 0xFF, 0x20, 0x00, 0x01, 0xDF, 0x60, 0x00, 0xDF,
    0x90, 0x05, 0xFF, 0x10, 0x00, 0x0A, 0xF9, 0x00, 0x00, 0xCF, 0xA0, 0x06, 0xFF, 0x10, 0x00, 0x6F,
    0xD1, 0x00, 0x00, 0xCF, 0xA0, 0x05, 0xFF, 0x20, 0x03, 0xFE, 0x30, 0x00, 0x00, 0xDF, 0x90, 0x02,
    0xFF, 0x50, 0x1D, 0xF6, 0x00, 0x00, 0x00, 0xFF, 0x70, 0x00, 0xEF, 0x90, 0xAF, 0xA0, 0x00, 0x00,
    0x05, 0xFF, 0x20, 0x00, 0x8F, 0xE8, 0xFD, 0x10, 0x00, 0x00, 0x0B, 0xFC, 0x00, 0x00, 0x2E, 0xFF,
    0xE3, 0x00, 0x00, 0x00, 0x7F, 0xF4, 0x00, 0x00, 0x05, 0xFF, 0xE6, 0x10, 0x00, 0x3A, 0xFF, 0x70,
    0x00, 0x00, 0x0A, 0xFF, 0xFF, 0xFE, 0xEF, 0xFF, 0xE5, 0x00, 0x00, 0x00, 0x3F, 0xD1, 0x6A, 0xDF,
    0xFE, 0xB7, 0x10, 0x00, 0x00, 0x00, 0x03, 0x30, 0x00, 0x00, 0x00, 0x00, 0x00, 0x00, 0x00, 0x00,
    0x00, 0x00, 0xAF, 0xF2, 0x00, 0x00, 0x00, 0x00, 0x00, 0x00, 0x00, 0x01, 0xCF, 0xB0, 0x00, 0x00,
    0x00, 0x00, 0x00, 0x00, 0x00, 0x01, 0xCF, 0x70, 0x00, 0x00, 0x00, 0x00, 0x00, 0x00, 0x00, 0x01,
    0xBF, 0x30, 0x00, 0x00, 0x00, 0x00, 0x00, 0x00, 0x00, 0x00, 0x00, 0x00, 0x00, 0x00, 0x00, 0x00,
    0x00, 0x00, 0x00, 0x00, 0x00, 0x00, 0x00, 0x00, 0x00, 0x00, 0x00, 0x00, 0x00, 0x00, 0x00, 0x00,
    0x00, 0x00, 0x0A, 0xFA, 0x00, 0x00, 0x00, 0x00, 0x0A, 0xFA, 0x00, 0x00, 0xAF, 0xA0, 0x00, 0x00,
    0x00, 0x00, 0xAF, 0xA0, 0x00, 0x0A, 0xFA, 0x00, 0x00, 0x00, 0x00, 0x0A, 0xFA, 0x00, 0x00, 0xAF,
    0xA0, 0x00, 0x00, 0x00, 0x00, 0xAF, 0xA0, 0x00, 0x0A, 0xFA, 0x00, 0x00, 0x00, 0x00, 0x0A, 0xFA,
    0x00, 0x00, 0xAF, 0xA0, 0x00, 0x00, 0x00, 0x00, 0xAF, 0xA0, 0x00, 0x0A, 0xFA, 0x00, 0x00, 0x00,
    0x00, 0x0A, 0xFA, 0x00, 0x00, 0xAF, 0xA0, 0x00, 0x00, 0x00, 0x00, 0xAF, 0xA0, 0x00, 0x0A, 0xFA,
    0x00, 0x00, 0x00, 0x00, 0x0A, 0xFA, 0x00, 0x00, 0xAF, 0xA0, 0x00, 0x00, 0x00, 0x00, 0xAF, 0xA0,
    0x00, 0x0A, 0xFA, 0x00, 0x00, 0x00, 0x00, 0x0A, 0xFA, 0x00, 0x00, 0xAF, 0xA0, 0x00, 0x00, 0x00,
    0x00, 0xAF, 0x90, 0x00, 0x09, 0xFC, 0x00, 0x00, 0x00, 0x00, 0x0C, 0xF8, 0x00, 0x00, 0x6F, 0xE1,
    0x00, 0x00, 0x00, 0x01, 0xFF, 0x50, 0x00, 0x01, 0xEF, 0x80, 0x00, 0x00, 0x00, 0x9F, 0xE0, 0x00,
    0x00, 0x06, 0xFF, 0x92, 0x00, 0x02, 0x9F, 0xF5, 0x00, 0x00, 0x00, 0x07, 0xFF, 0xFE, 0xDE, 0xFF,
    0xE6, 0x00, 0x00, 0x00, 0x00, 0x02, 0x9C, 0xEF, 0xEC, 0x72, 0x00, 0x00, 0x00, 0x00, 0x00, 0x00,
    0x00, 0x00, 0xAF, 0xF3, 0x00, 0x00, 0x00, 0x00, 0x00, 0x00, 0x00, 0x5F, 0xF5, 0x00, 0x00, 0x00,
    0x00, 0x00, 0x00, 0x00, 0x1D, 0xF5, 0x00, 0x00, 0x00, 0x00, 0x00, 0x00, 0x00, 0x0A, 0xE4, 0x00,
    0x00, 0x00, 0x00, 0x00, 0x00, 0x00, 0x00, 0x00, 0x00, 0x00, 0x00, 0x00, 0x00, 0x00, 0x00, 0x00,
    0x00, 0x00, 0x00, 0x00, 0x00, 0x00, 0x00, 0x00, 0x00, 0x00, 0x00, 0x00, 0x00, 0x00, 0x00, 0x00,
    0x0A, 0xFA, 0x00, 0x00, 0x00, 0x00, 0x0A, 0xFA, 0x00, 0x00, 0xAF, 0xA0, 0x00, 0x00, 0x00, 0x00,
    0xAF, 0xA0, 0x00, 0x0A, 0xFA, 0x00, 0x00, 0x00, 0x00, 0x0A, 0xFA, 0x00, 0x00, 0xAF, 0xA0, 0x00,
    0x00, 0x00, 0x00, 0xAF, 0xA0, 0x00, 0x0A, 0xFA, 0x00, 0x00, 0x00, 0x00, 0x0A, 0xFA, 0x00, 0x00,
    0xAF, 0xA0, 0x00, 0x00, 0x00, 0x00, 0xAF, 0xA0, 0x00, 0x0A, 0xFA, 0x00, 0x00, 0x00, 0x00, 0x0A,
    0xFA, 0x00, 0x00, 0xAF, 0xA0, 0x00, 0x00, 0x00, 0x00, 0xAF, 0xA0, 0x00, 0x0A, 0xFA, 0x00, 0x00,
    0x00, 0x00, 0x0A, 0xFA, 0x00, 0x00, 0xAF, 0xA0, 0x00, 0x00, 0x00, 0x00, 0xAF, 0xA0, 0x00, 0x0A,
    0xFA, 0x00, 0x00, 0x00, 0x00, 0x0A, 0xFA, 0x00, 0x00, 0xAF, 0xA0, 0x00, 0x00, 0x00, 0x00, 0xAF,
    0x90, 0x00, 0x09, 0xFC, 0x00, 0x00, 0x00, 0x00, 0x0C, 0xF8, 0x00, 0x00, 0x6F, 0xE1, 0x00, 0x00,
    0x00, 0x01, 0xFF, 0x50, 0x00, 0x01, 0xEF, 0x80, 0x00, 0x00, 0x00, 0x9F, 0xE0, 0x00, 0x00, 0x06,
    0xFF, 0x92, 0x00, 0x02, 0x9F, 0xF5, 0x00, 0x00, 0x00, 0x07, 0xFF, 0xFE, 0xDE, 0xFF, 0xE6, 0x00,
    0x00, 0x00, 0x00, 0x02, 0x9C, 0xEF, 0xEC, 0x72, 0x00, 0x00, 0x00, 0x00, 0x00, 0x00, 0x02, 0xEF,
    0xE1, 0x00, 0x00, 0x00, 0x00, 0x00, 0x00, 0x01, 0xCF, 0xEF, 0xB0, 0x00, 0x00, 0x00, 0x00, 0x00,
    0x00, 0xBF, 0x91, 0xAF, 0xA0, 0x00, 0x00, 0x00, 0x00, 0x00, 0x9E, 0x60, 0x00, 0x7F, 0xA0, 0x00,
    0x00, 0x00, 0x00, 0x00, 0x00, 0x00, 0x00, 0x00, 0x00, 0x00, 0x00, 0x00, 0x00, 0x00, 0x00, 0x00,
    0x00, 0x00, 0x00, 0x00, 0x00, 0x00, 0x00, 0x00, 0x00, 0x00, 0x00, 0x00, 0x00, 0x00, 0x0A, 0xFA,
    0x00, 0x00, 0x00, 0x00, 0x0A, 0xFA, 0x00, 0x00, 0xAF, 0xA0, 0x00, 0x00, 0x00, 0x00, 0xAF, 0xA0,
    0x00, 0x0A, 0xFA, 0x00, 0x00, 0x00, 0x00, 0x0A, 0xFA, 0x00, 0x00, 0xAF, 0xA0, 0x00, 0x00, 0x00,
    0x00, 0xAF, 0xA0, 0x00, 0x0A, 0xFA, 0x00, 0x00, 0x00, 0x00, 0x0A, 0xFA, 0x00, 0x00, 0xAF, 0xA0,
    0x00, 0x00, 0x00, 0x00, 0xAF, 0xA0, 0x00, 0x0A, 0xFA, 0x00, 0x00, 0x00, 0x00, 0x0A, 0xFA, 0x00,
    0x00, 0xAF, 0xA0, 0x00, 0x00, 0x00, 0x00, 0xAF, 0xA0, 0x00, 0x0A, 0xFA, 0x00, 0x00, 0x00, 0x00,
    0x0A, 0xFA, 0x00, 0x00, 0xAF, 0xA0, 0x00, 0x00, 0x00, 0x00, 0xAF, 0xA0, 0x00, 0x0A, 0xFA, 0x00,
    0x00, 0x00, 0x00, 0x0A, 0xFA, 0x00, 0x00, 0xAF, 0xA0, 0x00, 0x00, 0x00, 0x00, 0xAF, 0x90, 0x00,
    0x09, 0xFC, 0x00, 0x00, 0x00, 0x00, 0x0C, 0xF8, 0x00, 0x00, 0x6F, 0xE1, 0x00, 0x00, 0x00, 0x01,
    0xFF, 0x50, 0x00, 0x01, 0xEF, 0x80, 0x00, 0x00, 0x00, 0x9F, 0xE0, 0x00, 0x00, 0x06, 0xFF, 0x92,
    0x00, 0x02, 0x9F, 0xF5, 0x00, 0x00, 0x00, 0x07, 0xFF, 0xFE, 0xDE, 0xFF, 0xE6, 0x00, 0x00, 0x00,
    0x00, 0x02, 0x9C, 0xEF, 0xEC, 0x72, 0x00, 0x00, 0x00, 0x00, 0x00, 0x00, 0x9B, 0x10, 0x0A, 0xA0,
    0x00, 0x00, 0x00, 0x00, 0x00, 0x1F, 0xF4, 0x03, 0xFF, 0x20, 0x00, 0x00, 0x00, 0x00, 0x00, 0xBD,
    0x10, 0x1D, 0xC0, 0x00, 0x00, 0x00, 0x00, 0x00, 0x00, 0x00, 0x00, 0x00, 0x00, 0x00, 0x00, 0x00,
    0x00, 0x00, 0x00, 0x00, 0x00, 0x00, 0x00, 0x00, 0x00, 0x00, 0x00, 0x00, 0x00, 0x00, 0x00, 0x00,
    0x00, 0x00, 0x00, 0xAF, 0xA0, 0x00, 0x00, 0x00, 0x00, 0xAF, 0xA0, 0x00, 0x0A, 0xFA, 0x00, 0x00,
    0x00, 0x00, 0x0A, 0xFA, 0x00, 0x00, 0xAF, 0xA0, 0x00, 0x00, 0x00, 0x00, 0xAF, 0xA0, 0x00, 0x0A,
    0xFA, 0x00, 0x00, 0x00, 0x00, 0x0A, 0xFA, 0x00, 0x00, 0xAF, 0xA0, 0x00, 0x00, 0x00, 0x00, 0xAF,
    0xA0, 0x00, 0x0A, 0xFA, 0x00, 0x00, 0x00, 0x00, 0x0A, 0xFA, 0x00, 0x00, 0xAF, 0xA0, 0x00, 0x00,
    0x00, 0x00, 0xAF, 0xA0, 0x00, 0x0A, 0xFA, 0x00, 0x00, 0x00, 0x00, 0x0A, 0xFA, 0x00, 0x00, 0xAF,
    0xA0, 0x00, 0x00, 0x00, 0x00, 0xAF, 0xA0, 0x00, 0x0A, 0xFA, 0x00, 0x00, 0x00, 0x00, 0x0A, 0xFA,
    0x00, 0x00, 0xAF, 0xA0, 0x00, 0x00, 0x00, 0x00, 0xAF, 0xA0, 0x00, 0x0A, 0xFA, 0x00, 0x00, 0x00,
    0x00, 0x0A, 0xF9, 0x00, 0x00, 0x9F, 0xC0, 0x00, 0x00, 0x00, 0x00, 0xCF, 0x80, 0x00, 0x06, 0xFE,
    0x10, 0x00, 0x00, 0x00, 0x1F, 0xF5, 0x00, 0x00, 0x1E, 0xF8, 0x00, 0x00, 0x00, 0x09, 0xFE, 0x00,
    0x00, 0x00, 0x6F, 0xF9, 0x20, 0x00, 0x29, 0xFF, 0x50, 0x00, 0x00, 0x00, 0x7F, 0xFF, 0xED, 0xEF,
    0xFE, 0x60, 0x00, 0x00, 0x00, 0x00, 0x29, 0xCE, 0xFE, 0xC7, 0x20, 0x00, 0x00, 0x00, 0x00, 0x00,
    0x00, 0xCF, 0xE1, 0x00, 0x00, 0x00, 0x00, 0x00, 0x7F, 0xE3, 0x00, 0x00, 0x00, 0x00, 0x00, 0x2F,
    0xE3, 0x00, 0x00, 0x00, 0x00, 0x00, 0x0C, 0xD3, 0x00, 0x00, 0x00, 0x00, 0x00, 0x00, 0x00, 0x00,
    0x00, 0x00, 0x00, 0x00, 0x00, 0x00, 0x00, 0x00, 0x00, 0x00, 0x00, 0x00, 0x00, 0x00, 0x00, 0x00,
    0x00, 0x0B, 0xFC, 0x00, 0x00, 0x00, 0x00, 0x2F, 0xF7, 0x3F, 0xF5, 0x00, 0x00, 0x00, 0x09, 0xFD,
    0x00, 0x9F, 0xD0, 0x00, 0x00, 0x02, 0xFF, 0x50, 0x02, 0xEF, 0x60, 0x00, 0x00, 0xAF, 0xC0, 0x00,
    0x08, 0xFD, 0x00, 0x00, 0x3F, 0xF3, 0x00, 0x00, 0x1E, 0xF7, 0x00, 0x0B, 0xFA, 0x00, 0x00, 0x00,
    0x6F, 0xE1, 0x04, 0xFF, 0x20, 0x00, 0x00, 0x00, 0xDF, 0x80, 0xCF, 0x80, 0x00, 0x00, 0x00, 0x05,
    0xFE, 0x6F, 0xE1, 0x00, 0x00, 0x00, 0x00, 0x0B, 0xFF, 0xF6, 0x00, 0x00, 0x00, 0x00, 0x00, 0x3F,
    0xFD, 0x00, 0x00, 0x00, 0x00, 0x00, 0x00, 0xCF, 0x80, 0x00, 0x00, 0x00, 0x00, 0x00, 0x0C, 0xF8,
    0x00, 0x00, 0x00, 0x00, 0x00, 0x00, 0xCF, 0x80, 0x00, 0x00, 0x00, 0x00, 0x00, 0x0C, 0xF8, 0x00,
    0x00, 0x00, 0x00, 0x00, 0x00, 0xCF, 0x80, 0x00, 0x00, 0x00, 0x00, 0x00, 0x0C, 0xF8, 0x00, 0x00,
    0x00, 0x00, 0x00, 0x00, 0xCF, 0x80, 0x00, 0x00, 0x00, 0x00, 0x7F, 0xD0, 0x00, 0x00, 0x00, 0x00,
    0x00, 0x00, 0x7F, 0xD0, 0x00, 0x00, 0x00, 0x00, 0x00, 0x00, 0x7F, 0xD0, 0x00, 0x00, 0x00, 0x00,
    0x00, 0x00, 0x7F, 0xFF, 0xFF, 0xED, 0xA5, 0x00, 0x00, 0x00, 0x7F, 0xFD, 0xDD, 0xEF, 0xFF, 0xB1,
    0x00, 0x00, 0x7F, 0xD0, 0x00, 0x02, 0x8F, 0xFA, 0x00, 0x00, 0x7F, 0xD0, 0x00, 0x00, 0x08, 0xFF,
    0x20, 0x00, 0x7F, 0xD0, 0x00, 0x00, 0x02, 0xFF, 0x50, 0x00, 0x7F, 0xD0, 0x00, 0x00, 0x01, 0xFF,
    0x60, 0x00, 0x7F, 0xD0, 0x00, 0x00, 0x02, 0xFF, 0x40, 0x00, 0x7F, 0xD0, 0x00, 0x00, 0x09, 0xFE,
    0x00, 0x00, 0x7F, 0xD0, 0x00, 0x03, 0xAF, 0xF6, 0x00, 0x00, 0x7F, 0xFD, 0xDE, 0xFF, 0xFF, 0x70,
    0x00, 0x00, 0x7F, 0xFF, 0xFF, 0xEC, 0x82, 0x00, 0x00, 0x00, 0x7F, 0xD0, 0x00, 0x00, 0x00, 0x00,
    0x00, 0x00, 0x7F, 0xD0, 0x00, 0x00, 0x00, 0x00, 0x00, 0x00, 0x7F, 0xD0, 0x00, 0x00, 0x00, 0x00,
    0x00, 0x00, 0x7F, 0xD0, 0x00, 0x00, 0x00, 0x00, 0x00, 0x00, 0x00, 0x5A, 0xDF, 0xED, 0xA4, 0x00,
    0x00, 0x00, 0x0A, 0xFF, 0xFE, 0xEF, 0xFF, 0xB0, 0x00, 0x00, 0x5F, 0xF8, 0x10, 0x01, 0x8F, 0xF5,
    0x00, 0x00, 0xAF, 0xB0, 0x00, 0x00, 0x0C, 0xF8, 0x00, 0x00, 0xCF, 0x80, 0x00, 0x00, 0x0D, 0xF6,
    0x00, 0x00, 0xCF, 0x80, 0x00, 0x00, 0xAF, 0xC1, 0x00, 0x00, 0xCF, 0x80, 0x00, 0x2C, 0xFC, 0x20,
    0x00, 0x00, 0xCF, 0x80, 0x00, 0xDF, 0xA0, 0x00, 0x00, 0x00, 0xCF, 0x80, 0x04, 0xFF, 0x00, 0x00,
    0x00, 0x00, 0xCF, 0x80, 0x02, 0xFF, 0x60, 0x00, 0x00, 0x00, 0xCF, 0x80, 0x00, 0x9F, 0xF9, 0x10,
    0x00, 0x00, 0xCF, 0x80, 0x00, 0x07, 0xFF, 0xD4, 0x00, 0x00, 0xCF, 0x80, 0x00, 0x00, 0x2B, 0xFF,
    0x40, 0x00, 0xCF, 0x80, 0x00, 0x00, 0x00, 0xAF, 0xD0, 0x00, 0xCF, 0x80, 0x00, 0x00, 0x00, 0x2F,
    0xF2, 0x00, 0xCF, 0x80, 0x00, 0x00, 0x00, 0x1F, 0xF3, 0x00, 0xCF, 0x80, 0x47, 0x20, 0x01, 0x9F,
    0xE0, 0x00, 0xCF, 0x80, 0x6F, 0xFE, 0xEF, 0xFF, 0x60, 0x00, 0xCF, 0x80, 0x28, 0xDE, 0xFD, 0xA3,
    0x00, 0x00, 0x00, 0xDF, 0xD1, 0x00, 0x00, 0x00, 0x00, 0x00, 0x02, 0xEF, 0x80, 0x00, 0x00, 0x00,
    0x00, 0x00, 0x02, 0xEF, 0x40, 0x00, 0x00, 0x00, 0x00, 0x00, 0x02, 0xDE, 0x10, 0x00, 0x00, 0x00,
    0x00, 0x00, 0x00, 0x00, 0x00, 0x00, 0x00, 0x00, 0x00, 0x00, 0x00, 0x00, 0x00, 0x00, 0x00, 0x02,
    0x8C, 0xEF, 0xEB, 0x50, 0x00, 0x00, 0x01, 0xFF, 0xFE, 0xEF, 0xFF, 0x90, 0x00, 0x00, 0x08, 0x62,
    0x00, 0x18, 0xFF, 0x20, 0x00, 0x00, 0x00, 0x00, 0x00, 0x0E, 0xF6, 0x00, 0x00, 0x00, 0x00, 0x00,
    0x00, 0xBF, 0x70, 0x00, 0x00, 0x17, 0xAC, 0xDD, 0xDF, 0xF7, 0x00, 0x00, 0x6E, 0xFF, 0xFF, 0xFF,
    0xFF, 0x70, 0x00, 0x3F, 0xFC, 0x52, 0x00, 0x0C, 0xF7, 0x00, 0x09, 0xFD, 0x10, 0x00, 0x00, 0xCF,
    0x70, 0x00, 0xCF, 0xA0, 0x00, 0x00, 0x0E, 0xF7, 0x00, 0x0B, 0xFA, 0x00, 0x00, 0x06, 0xFF, 0x70,
    0x00, 0x7F, 0xF5, 0x00, 0x18, 0xFE, 0xF7, 0x00, 0x01, 0xDF, 0xFE, 0xEF, 0xF8, 0x7F, 0x70, 0x00,
    0x01, 0x9D, 0xFE, 0xB5, 0x04, 0xF7, 0x00, 0x00, 0x00, 0x00, 0x00, 0xDF, 0xD1, 0x00, 0x00, 0x00,
    0x00, 0x00, 0x8F, 0xE3, 0x00, 0x00, 0x00, 0x00, 0x00, 0x3F, 0xE3, 0x00, 0x00, 0x00, 0x00, 0x00,
    0x0D, 0xD2, 0x00, 0x00, 0x00, 0x00, 0x00, 0x00, 0x00, 0x00, 0x00, 0x00, 0x00, 0x00, 0x00, 0x00,
    0x00, 0x00, 0x00, 0x00, 0x00, 0x02, 0x8C, 0xEF, 0xEB, 0x50, 0x00, 0x00, 0x01, 0xFF, 0xFE, 0xEF,
    0xFF, 0x90, 0x00, 0x00, 0x08, 0x62, 0x00, 0x18, 0xFF, 0x20, 0x00, 0x00, 0x00, 0x00, 0x00, 0x0E,
    0xF6, 0x00, 0x00, 0x00, 0x00, 0x00, 0x00, 0xBF, 0x70, 0x00, 0x00, 0x17, 0xAC, 0xDD, 0xDF, 0xF7,
    0x00, 0x00, 0x6E, 0xFF, 0xFF, 0xFF, 0xFF, 0x70, 0x00, 0x3F, 0xFC, 0x52, 0x00, 0x0C, 0xF7, 0x00,
    0x09, 0xFD, 0x10, 0x00, 0x00, 0xCF, 0x70, 0x00, 0xCF, 0xA0, 0x00, 0x00, 0x0E, 0xF7, 0x00, 0x0B,
    0xFA, 0x00, 0x00, 0x06, 0xFF, 0x70, 0x00, 0x7F, 0xF5, 0x00, 0x18, 0xFE, 0xF7, 0x00, 0x01, 0xDF,
    0xFE, 0xEF, 0xF8, 0x7F, 0x70, 0x00, 0x01, 0x9D, 0xFE, 0xB5, 0x04, 0xF7, 0x00, 0x00, 0x00, 0x04,
    0xFF, 0xC0, 0x00, 0x00, 0x00, 0x00, 0x02, 0xEF, 0xEF, 0x90, 0x00, 0x00, 0x00, 0x01, 0xDF, 0x72,
    0xCF, 0x70, 0x00, 0x00, 0x00, 0xCE, 0x40, 0x01, 0x9F, 0x70, 0x00, 0x00, 0x00, 0x00, 0x00, 0x00,
    0x00, 0x00, 0x00, 0x00, 0x00, 0x00, 0x00, 0x00, 0x00, 0x00, 0x00, 0x02, 0x8C, 0xEF, 0xEB, 0x50,
    0x00, 0x00, 0x01, 0xFF, 0xFE, 0xEF, 0xFF, 0x90, 0x00, 0x00, 0x08, 0x62, 0x00, 0x18, 0xFF, 0x20,
    0x00, 0x00, 0x00, 0x00, 0x00, 0x0E, 0xF6, 0x00, 0x00, 0x00, 0x00, 0x00, 0x00, 0xBF, 0x70, 0x00,
    0x00, 0x17, 0xAC, 0xDD, 0xDF, 0xF7, 0x00, 0x00, 0x6E, 0xFF, 0xFF, 0xFF, 0xFF, 0x70, 0x00, 0x3F,
    0xFC, 0x52, 0x00, 0x0C, 0xF7, 0x00, 0x09, 0xFD, 0x10, 0x00, 0x00, 0xCF, 0x70, 0x00, 0xCF, 0xA0,
    0x00, 0x00, 0x0E, 0xF7, 0x00, 0x0B, 0xFA, 0x00, 0x00, 0x06, 0xFF, 0x70, 0x00, 0x7F, 0xF5, 0x00,
    0x18, 0xFE, 0xF7, 0x00, 0x01, 0xDF, 0xFE, 0xEF, 0xF8, 0x7F, 0x70, 0x00, 0x01, 0x9D, 0xFE, 0xB5,
    0x04, 0xF7, 0x00, 0x00, 0x03, 0xCF, 0xC7, 0x10, 0x7E, 0x00, 0x00, 0x01, 0xEF, 0xEF, 0xFF, 0xEF,
    0x90, 0x00, 0x00, 0x5F, 0x30, 0x39, 0xEE, 0xA1, 0x00, 0x00, 0x00, 0x00, 0x00, 0x00, 0x00, 0x00,
    0x00, 0x00, 0x00, 0x00, 0x00, 0x00, 0x00, 0x00, 0x00, 0x00, 0x28, 0xCE, 0xFE, 0xB5, 0x00, 0x00,
    0x00, 0x1F, 0xFF, 0xEE, 0xFF, 0xF9, 0x00, 0x00, 0x00, 0x86, 0x20, 0x01, 0x8F, 0xF2, 0x00, 0x00,
    0x00, 0x00, 0x00, 0x00, 0xEF, 0x60, 0x00, 0x00, 0x00, 0x00, 0x00, 0x0B, 0xF7, 0x00, 0x00, 0x01,
    0x7A, 0xCD, 0xDD, 0xFF, 0x70, 0x00, 0x06, 0xEF, 0xFF, 0xFF, 0xFF, 0xF7, 0x00, 0x03, 0xFF, 0xC5,
    0x20, 0x00, 0xCF, 0x70, 0x00, 0x9F, 0xD1, 0x00, 0x00, 0x0C, 0xF7, 0x00, 0x0C, 0xFA, 0x00, 0x00,
    0x00, 0xEF, 0x70, 0x00, 0xBF, 0xA0, 0x00, 0x00, 0x6F, 0xF7, 0x00, 0x07, 0xFF, 0x50, 0x01, 0x8F,
    0xEF, 0x70, 0x00, 0x1D, 0xFF, 0xEE, 0xFF, 0x87, 0xF7, 0x00, 0x00, 0x19, 0xDF, 0xEB, 0x50, 0x4F,
    0x70, 0x00, 0x00, 0x01, 0xB9, 0x00, 0x2C, 0x80, 0x00, 0x00, 0x00, 0x4F, 0xF1, 0x06, 0xFE, 0x00,
    0x00, 0x00, 0x01, 0xDB, 0x00, 0x3E, 0x90, 0x00, 0x00, 0x00, 0x00, 0x00, 0x00, 0x00, 0x00, 0x00,
    0x00, 0x00, 0x00, 0x00, 0x00, 0x00, 0x00, 0x00, 0x00, 0x28, 0xCE, 0xFE, 0xB5, 0x00, 0x00, 0x00,
    0x1F, 0xFF, 0xEE, 0xFF, 0xF9, 0x00, 0x00, 0x00, 0x86, 0x20, 0x01, 0x8F, 0xF2, 0x00, 0x00, 0x00,
    0x00, 0x00, 0x00, 0xEF, 0x60, 0x00, 0x00, 0x00, 0x00, 0x00, 0x0B, 0xF7, 0x00, 0x00, 0x01, 0x7A,
    0xCD, 0xDD, 0xFF, 0x70, 0x00, 0x06, 0xEF, 0xFF, 0xFF, 0xFF, 0xF7, 0x00, 0x03, 0xFF, 0xC5, 0x20,
    0x00, 0xCF, 0x70, 0x00, 0x9F, 0xD1, 0x00, 0x00, 0x0C, 0xF7, 0x00, 0x0C, 0xFA, 0x00, 0x00, 0x00,
    0xEF, 0x70, 0x00, 0xBF, 0xA0, 0x00, 0x00, 0x6F, 0xF7, 0x00, 0x07, 0xFF, 0x50, 0x01, 0x8F, 0xEF,
    0x70, 0x00, 0x1D, 0xFF, 0xEE, 0xFF, 0x87, 0xF7, 0x00, 0x00, 0x19, 0xDF, 0xEB, 0x50, 0x4F, 0x70,
    0x00, 0x00, 0x00, 0x04, 0xBC, 0x91, 0x00, 0x00, 0x00, 0x00, 0x03, 0xFF, 0xFF, 0xB0, 0x00, 0x00,
    0x00, 0x00, 0x7E, 0x31, 0x8F, 0x10, 0x00, 0x00, 0x00, 0x07, 0xE1, 0x07, 0xF1, 0x00, 0x00, 0x00,
    0x00, 0x3F, 0xFE, 0xFC, 0x00, 0x00, 0x00, 0x00, 0x00, 0x6D, 0xEB, 0x20, 0x00, 0x00, 0x00, 0x00,
    0x00, 0x00, 0x00, 0x00, 0x00, 0x00, 0x00, 0x00, 0x00, 0x00, 0x00, 0x00, 0x00, 0x00, 0x02, 0x8C,
    0xEF, 0xEB, 0x50, 0x00, 0x00, 0x01, 0xFF, 0xFE, 0xEF, 0xFF, 0x90, 0x00, 0x00, 0x08, 0x62, 0x00,
    0x18, 0xFF, 0x20, 0x00, 0x00, 0x00, 0x00, 0x00, 0x0E, 0xF6, 0x00, 0x00, 0x00, 0x00, 0x00, 0x00,
    0xBF, 0x70, 0x00, 0x00, 0x17, 0xAC, 0xDD, 0xDF, 0xF7, 0x00, 0x00, 0x6E, 0xFF, 0xFF, 0xFF, 0xFF,
    0x70, 0x00, 0x3F, 0xFC, 0x52, 0x00, 0x0C, 0xF7, 0x00, 0x09, 0xFD, 0x10, 0x00, 0x00, 0xCF, 0x70,
    0x00, 0xCF, 0xA0, 0x00, 0x00, 0x0E, 0xF7, 0x00, 0x0B, 0xFA, 0x00, 0x00, 0x06, 0xFF, 0x70, 0x00,
    0x7F, 0xF5, 0x00, 0x18, 0xFE, 0xF7, 0x00, 0x01, 0xDF, 0xFE, 0xEF, 0xF8, 0x7F, 0x70, 0x00, 0x01,
    0x9D, 0xFE, 0xB5, 0x04, 0xF7, 0x00, 0x00, 0x04, 0x9C, 0xEF, 0xD8, 0x10, 0x18, 0xDF, 0xEB, 0x40,
    0x00, 0x00, 0x7F, 0xFF, 0xEE, 0xFF, 0xD2, 0xDF, 0xFE, 0xFF, 0xF8, 0x00, 0x00, 0x19, 0x41, 0x00,
    0x3D, 0xFF, 0xF9, 0x10, 0x07, 0xFF, 0x50, 0x00, 0x00, 0x00, 0x00, 0x04, 0xFF, 0xB0, 0x00, 0x00,
    0xAF, 0xB0, 0x00, 0x00, 0x00, 0x00, 0x02, 0xFF, 0x60, 0x00, 0x00, 0x6F, 0xF0, 0x00, 0x02, 0x7B,
    0xCD, 0xDD, 0xFF, 0xED, 0xDD, 0xDD, 0xEF, 0xF2, 0x00, 0x7F, 0xFF, 0xFF, 0xFF, 0xFF, 0xFF, 0xFF,
    0xFF, 0xFF, 0xF2, 0x04, 0xFF, 0xC4, 0x10, 0x03, 0xFF, 0x40, 0x00, 0x00, 0x00, 0x00, 0x0A, 0xFD,
    0x10, 0x00, 0x03, 0xFF, 0x50, 0x00, 0x00, 0x00, 0x00, 0x0C, 0xF9, 0x00, 0x00, 0x05, 0xFF, 0x90,
    0x00, 0x00, 0x00, 0x00, 0x0B, 0xFA, 0x00, 0x00, 0x0B, 0xFF, 0xE2, 0x00, 0x00, 0x00, 0x00, 0x07,
    0xFF, 0x40, 0x03, 0xBF, 0x9C, 0xFD, 0x40, 0x00, 0x27, 0x60, 0x01, 0xDF, 0xFE, 0xEF, 0xFA, 0x02,
    0xDF, 0xFE, 0xDE, 0xFF, 0x80, 0x00, 0x19, 0xDF, 0xEB, 0x50, 0x00, 0x17, 0xCE, 0xFE, 0xC7, 0x20,
    0x00, 0x00, 0x39, 0xDE, 0xED, 0xA3, 0x00, 0x07, 0xFF, 0xFE, 0xEF, 0xF5, 0x00, 0x5F, 0xF9, 0x10,
    0x02, 0x70, 0x00, 0xDF, 0x90, 0x00, 0x00, 0x00, 0x04, 0xFF, 0x20, 0x00, 0x00, 0x00, 0x06, 0xFE,
    0x00, 0x00, 0x00, 0x00, 0x08, 0xFC, 0x00, 0x00, 0x00, 0x00, 0x08, 0xFC, 0x00, 0x00, 0x00, 0x00,
    0x07, 0xFE, 0x00, 0x00, 0x00, 0x00, 0x04, 0xFF, 0x20, 0x00, 0x00, 0x00, 0x00, 0xEF, 0x90, 0x00,
    0x00, 0x00, 0x00, 0x6F, 0xF8, 0x10, 0x01, 0x53, 0x00, 0x08, 0xFF, 0xFE, 0xEF, 0xF6, 0x00, 0x00,
    0x49, 0xDF, 0xFD, 0x92, 0x00, 0x00, 0x00, 0x4B, 0x20, 0x00, 0x00, 0x00, 0x00, 0xCD, 0x20, 0x00,
    0x00, 0x00, 0x01, 0x9E, 0xF6, 0x00, 0x00, 0x00, 0x00, 0x01, 0xFD, 0x00, 0x00, 0x00, 0x12, 0x26,
    0xFB, 0x00, 0x00, 0x00, 0x3F, 0xFF, 0xC2, 0x00, 0x00, 0x00, 0x14, 0x42, 0x00, 0x00, 0x00, 0x00,
    0xBF, 0xE1, 0x00, 0x00, 0x00, 0x00, 0x00, 0x01, 0xDF, 0xA0, 0x00, 0x00, 0x00, 0x00, 0x00, 0x02,
    0xDF, 0x50, 0x00, 0x00, 0x00, 0x00, 0x00, 0x01, 0xCE, 0x20, 0x00, 0x00, 0x00, 0x00, 0x00, 0x00,
    0x00, 0x00, 0x00, 0x00, 0x00, 0x00, 0x00, 0x00, 0x00, 0x00, 0x00, 0x00, 0x00, 0x39, 0xDF, 0xEB,
    0x50, 0x00, 0x00, 0x00, 0x6F, 0xFF, 0xEF, 0xFF, 0xA0, 0x00, 0x00, 0x4F, 0xF6, 0x10, 0x06, 0xEF,
    0x70, 0x00, 0x0D, 0xF6, 0x00, 0x00, 0x07, 0xFE, 0x00, 0x03, 0xFF, 0x10, 0x00, 0x00, 0x2F, 0xF3,
    0x00, 0x6F, 0xFD, 0xDD, 0xDD, 0xDD, 0xFF, 0x50, 0x08, 0xFF, 0xFF, 0xFF, 0xFF, 0xFF, 0xF5, 0x00,
    0x8F, 0xD0, 0x00, 0x00, 0x00, 0x00, 0x00, 0x06, 0xFE, 0x00, 0x00, 0x00, 0x00, 0x00, 0x00, 0x3F,
    0xF4, 0x00, 0x00, 0x00, 0x00, 0x00, 0x00, 0xDF, 0xC0, 0x00, 0x00, 0x00, 0x00, 0x00, 0x04, 0xFF,
    0xB3, 0x00, 0x02, 0x78, 0x00, 0x00, 0x06, 0xEF, 0xFE, 0xDE, 0xFF, 0xB0, 0x00, 0x00, 0x02, 0x8C,
    0xEF, 0xEC, 0x83, 0x00, 0x00, 0x00, 0x00, 0x00, 0xCF, 0xE2, 0x00, 0x00, 0x00, 0x00, 0x00, 0x6F,
    0xE4, 0x00, 0x00, 0x00, 0x00, 0x00, 0x2E, 0xE4, 0x00, 0x00, 0x00, 0x00, 0x00, 0x0C, 0xE3, 0x00,
    0x00, 0x00, 0x00, 0x00, 0x00, 0x00, 0x00, 0x00, 0x00, 0x00, 0x00, 0x00, 0x00, 0x00, 0x00, 0x00,
    0x00, 0x00, 0x00, 0x39, 0xDF, 0xEB, 0x50, 0x00, 0x00, 0x00, 0x6F, 0xFF, 0xEF, 0xFF, 0xA0, 0x00,
    0x00, 0x4F, 0xF6, 0x10, 0x06, 0xEF, 0x70, 0x00, 0x0D, 0xF6, 0x00, 0x00, 0x07, 0xFE, 0x00, 0x03,
    0xFF, 0x10, 0x00, 0x00, 0x2F, 0xF3, 0x00, 0x6F, 0xFD, 0xDD, 0xDD, 0xDD, 0xFF, 0x50, 0x08, 0xFF,
    0xFF, 0xFF, 0xFF, 0xFF, 0xF5, 0x00, 0x8F, 0xD0, 0x00, 0x00, 0x00, 0x00, 0x00, 0x06, 0xFE, 0x00,
    0x00, 0x00, 0x00, 0x00, 0x00, 0x3F, 0xF4, 0x00, 0x00, 0x00, 0x00, 0x00, 0x00, 0xDF, 0xC0, 0x00,
    0x00, 0x00, 0x00, 0x00, 0x04, 0xFF, 0xB3, 0x00, 0x02, 0x78, 0x00, 0x00, 0x06, 0xEF, 0xFE, 0xDE,
    0xFF, 0xB0, 0x00, 0x00, 0x02, 0x8C, 0xEF, 0xEC, 0x83, 0x00, 0x00, 0x00, 0x03, 0xFF, 0xD1, 0x00,
    0x00, 0x00, 0x00, 0x01, 0xDF, 0xEF, 0xA0, 0x00, 0x00, 0x00, 0x01, 0xCF, 0x81, 0xBF, 0x90, 0x00,
    0x00, 0x00, 0xBE, 0x50, 0x00, 0x8F, 0x80, 0x00, 0x00, 0x00, 0x00, 0x00, 0x00, 0x00, 0x00, 0x00,
    0x00, 0x00, 0x00, 0x00, 0x00, 0x00, 0x00, 0x00, 0x00, 0x39, 0xDF, 0xEB, 0x50, 0x00, 0x00, 0x00,
    0x6F, 0xFF, 0xEF, 0xFF, 0xA0, 0x00, 0x00, 0x4F, 0xF6, 0x10, 0x06, 0xEF, 0x70, 0x00, 0x0D, 0xF6,
    0x00, 0x00, 0x07, 0xFE, 0x00, 0x03, 0xFF, 0x10, 0x00, 0x00, 0x2F, 0xF3, 0x00, 0x6F, 0xFD, 0xDD,
    0xDD, 0xDD, 0xFF, 0x50, 0x08, 0xFF, 0xFF, 0xFF, 0xFF, 0xFF, 0xF5, 0x00, 0x8F, 0xD0, 0x00, 0x00,
    0x00, 0x00, 0x00, 0x06, 0xFE, 0x00, 0x00, 0x00, 0x00, 0x00, 0x00, 0x3F, 0xF4, 0x00, 0x00, 0x00,
    0x00, 0x00, 0x00, 0xDF, 0xC0, 0x00, 0x00, 0x00, 0x00, 0x00, 0x04, 0xFF, 0xB3, 0x00, 0x02, 0x78,
    0x00, 0x00, 0x06, 0xEF, 0xFE, 0xDE, 0xFF, 0xB0, 0x00, 0x00, 0x02, 0x8C, 0xEF, 0xEC, 0x83, 0x00,
    0x00, 0x00, 0xAA, 0x00, 0x1B, 0x90, 0x00, 0x00, 0x00, 0x3F, 0xF2, 0x05, 0xFF, 0x10, 0x00, 0x00,
    0x01, 0xCC, 0x00, 0x2D, 0xB0, 0x00, 0x00, 0x00, 0x00, 0x00, 0x00, 0x00, 0x00, 0x00, 0x00, 0x00,
    0x00, 0x00, 0x00, 0x00, 0x00, 0x00, 0x00, 0x03, 0x9D, 0xFE, 0xB5, 0x00, 0x00, 0x00, 0x06, 0xFF,
    0xFE, 0xFF, 0xFA, 0x00, 0x00, 0x04, 0xFF, 0x61, 0x00, 0x6E, 0xF7, 0x00, 0x00, 0xDF, 0x60, 0x00,
    0x00, 0x7F, 0xE0, 0x00, 0x3F, 0xF1, 0x00, 0x00, 0x02, 0xFF, 0x30, 0x06, 0xFF, 0xDD, 0xDD, 0xDD,
    0xDF, 0xF5, 0x00, 0x8F, 0xFF, 0xFF, 0xFF, 0xFF, 0xFF, 0x50, 0x08, 0xFD, 0x00, 0x00, 0x00, 0x00,
    0x00, 0x00, 0x6F, 0xE0, 0x00, 0x00, 0x00, 0x00, 0x00, 0x03, 0xFF, 0x40, 0x00, 0x00, 0x00, 0x00,
    0x00, 0x0D, 0xFC, 0x00, 0x00, 0x00, 0x00, 0x00, 0x00, 0x4F, 0xFB, 0x30, 0x00, 0x27, 0x80, 0x00,
    0x00, 0x6E, 0xFF, 0xED, 0xEF, 0xFB, 0x00, 0x00, 0x00, 0x28, 0xCE, 0xFE, 0xC8, 0x30, 0x00, 0x0C,
    0xFE, 0x10, 0x00, 0x02, 0xDF, 0x90, 0x00, 0x00, 0x2D, 0xF4, 0x00, 0x00, 0x02, 0xCE, 0x10, 0x00,
    0x00, 0x00, 0x00, 0x00, 0x00, 0x00, 0x00, 0x00, 0x0C, 0xF8, 0x00, 0x00, 0x0C, 0xF8, 0x00, 0x00,
    0x0C, 0xF8, 0x00, 0x00, 0x0C, 0xF8, 0x00, 0x00, 0x0C, 0xF8, 0x00, 0x00, 0x0C, 0xF8, 0x00, 0x00,
    0x0C, 0xF8, 0x00, 0x00, 0x0C, 0xF8, 0x00, 0x00, 0x0C, 0xF8, 0x00, 0x00, 0x0C, 0xF8, 0x00, 0x00,
    0x0C, 0xF8, 0x00, 0x00, 0x0C, 0xF8, 0x00, 0x00, 0x0C, 0xF8, 0x00, 0x00, 0x0C, 0xF8, 0x00, 0x00,
    0x00, 0xCF, 0xE1, 0x00, 0x07, 0xFE, 0x30, 0x00, 0x2F, 0xE3, 0x00, 0x00, 0xCD, 0x30, 0x00, 0x00,
    0x00, 0x00, 0x00, 0x00, 0x00, 0x00, 0x00, 0x00, 0xCF, 0x80, 0x00, 0x00, 0xCF, 0x80, 0x00, 0x00,
    0xCF, 0x80, 0x00, 0x00, 0xCF, 0x80, 0x00, 0x00, 0xCF, 0x80, 0x00, 0x00, 0xCF, 0x80, 0x00, 0x00,
    0xCF, 0x80, 0x00, 0x00, 0xCF, 0x80, 0x00, 0x00, 0xCF, 0x80, 0x00, 0x00, 0xCF, 0x80, 0x00, 0x00,
    0xCF, 0x80, 0x00, 0x00, 0xCF, 0x80, 0x00, 0x00, 0xCF, 0x80, 0x00, 0x00, 0xCF, 0x80, 0x00, 0x00,
    0x03, 0xFF, 0xC0, 0x00, 0x00, 0x2D, 0xFE, 0xF9, 0x00, 0x00, 0xCF, 0x71, 0xCF, 0x80, 0x00, 0xE5,
    0x00, 0x08, 0xF7, 0x00, 0x00, 0x00, 0x00, 0x00, 0x00, 0x00, 0x00, 0x00, 0x00, 0x00, 0x00, 0xCF,
    0x80, 0x00, 0x00, 0x00, 0xCF, 0x80, 0x00, 0x00, 0x00, 0xCF, 0x80, 0x00, 0x00, 0x00, 0xCF, 0x80,
    0x00, 0x00, 0x00, 0xCF, 0x80, 0x00, 0x00, 0x00, 0xCF, 0x80, 0x00, 0x00, 0x00, 0xCF, 0x80, 0x00,
    0x00, 0x00, 0xCF, 0x80, 0x00, 0x00, 0x00, 0xCF, 0x80, 0x00, 0x00, 0x00, 0xCF, 0x80, 0x00, 0x00,
    0x00, 0xCF, 0x80, 0x00, 0x00, 0x00, 0xCF, 0x80, 0x00, 0x00, 0x00, 0xCF, 0x80, 0x00, 0x00, 0x00,
    0xCF, 0x80, 0x00, 0x0B, 0xA0, 0x02, 0xB8, 0x00, 0xFF, 0x20, 0x5F, 0xF0, 0x0D, 0xC0, 0x02, 0xEA,
    0x00, 0x00, 0x00, 0x00, 0x00, 0x00, 0x00, 0x00, 0x00, 0x00, 0x00, 0xCF, 0x80, 0x00, 0x00, 0x0C,
    0xF8, 0x00, 0x00, 0x00, 0xCF, 0x80, 0x00, 0x00, 0x0C, 0xF8, 0x00, 0x00, 0x00, 0xCF, 0x80, 0x00,
    0x00, 0x0C, 0xF8, 0x00, 0x00, 0x00, 0xCF, 0x80, 0x00, 0x00, 0x0C, 0xF8, 0x00, 0x00, 0x00, 0xCF,
    0x80, 0x00, 0x00, 0x0C, 0xF8, 0x00, 0x00, 0x00, 0xCF, 0x80, 0x00, 0x00, 0x0C, 0xF8, 0x00, 0x00,
    0x00, 0xCF, 0x80, 0x00, 0x00, 0x0C, 0xF8, 0x00, 0x00, 0x00, 0x00, 0x04, 0x10, 0x00, 0x02, 0x00,
    0x00, 0x00, 0x00, 0x1E, 0xE8, 0x01, 0x8F, 0x70, 0x00, 0x00, 0x00, 0x17, 0xEF, 0xDE, 0xFC, 0x30,
    0x00, 0x00, 0x00, 0x00, 0x6F, 0xFF, 0x90, 0x00, 0x00, 0x00, 0x00, 0x3B, 0xFE, 0xBF, 0xF4, 0x00,
    0x00, 0x00, 0x00, 0x9F, 0xA2, 0x0A, 0xFE, 0x10, 0x00, 0x00, 0x00, 0x13, 0x00, 0x00, 0xCF, 0x90,
    0x00, 0x00, 0x00, 0x00, 0x00, 0x00, 0x2F, 0xF3, 0x00, 0x00, 0x00, 0x5B, 0xEF, 0xEB, 0x5A, 0xF9,
    0x00, 0x00, 0x1B, 0xFF, 0xFE, 0xEF, 0xFD, 0xFE, 0x00, 0x00, 0x9F, 0xE6, 0x10, 0x02, 0x9F, 0xFF,
    0x20, 0x02, 0xFF, 0x60, 0x00, 0x00, 0x09, 0xFF, 0x40, 0x06, 0xFE, 0x00, 0x00, 0x00, 0x02, 0xFF,
    0x50, 0x08, 0xFC, 0x00, 0x00, 0x00, 0x00, 0xFF, 0x40, 0x08, 0xFC, 0x00, 0x00, 0x00, 0x01, 0xFF,
    0x30, 0x06, 0xFE, 0x00, 0x00, 0x00, 0x04, 0xFF, 0x00, 0x01, 0xEF, 0x70, 0x00, 0x00, 0x0A, 0xFA,
    0x00, 0x00, 0x7F, 0xF7, 0x10, 0x02, 0x9F, 0xE2, 0x00, 0x00, 0x08, 0xFF, 0xFE, 0xEF, 0xFE, 0x40,
    0x00, 0x00, 0x00, 0x39, 0xDF, 0xEC, 0x81, 0x00, 0x00, 0x00, 0x00, 0x6D, 0xEB, 0x50, 0x0B, 0xA0,
    0x00, 0x00, 0x04, 0xFE, 0xEF, 0xFE, 0xEF, 0x50, 0x00, 0x00, 0x09, 0xD1, 0x04, 0xAE, 0xE7, 0x00,
    0x00, 0x00, 0x00, 0x00, 0x00, 0x00, 0x00, 0x00, 0x00, 0x00, 0x00, 0x00, 0x00, 0x00, 0x00, 0x00,
    0x00, 0x00, 0xCF, 0x21, 0x7C, 0xEE, 0xC8, 0x10, 0x00, 0x00, 0xCF, 0x6D, 0xFF, 0xEF, 0xFF, 0xD1,
    0x00, 0x00, 0xCF, 0xFD, 0x40, 0x00, 0x7F, 0xF8, 0x00, 0x00, 0xCF, 0xF3, 0x00, 0x00, 0x0A, 0xFC,
    0x00, 0x00, 0xCF, 0xC0, 0x00, 0x00, 0x06, 0xFE, 0x00, 0x00, 0xCF, 0x90, 0x00, 0x00, 0x04, 0xFF,
    0x00, 0x00, 0xCF, 0x80, 0x00, 0x00, 0x04, 0xFF, 0x00, 0x00, 0xCF, 0x80, 0x00, 0x00, 0x04, 0xFF,
    0x00, 0x00, 0xCF, 0x80, 0x00, 0x00, 0x04, 0xFF, 0x00, 0x00, 0xCF, 0x80, 0x00, 0x00, 0x04, 0xFF,
    0x00, 0x00, 0xCF, 0x80, 0x00, 0x00, 0x04, 0xFF, 0x00, 0x00, 0xCF, 0x80, 0x00, 0x00, 0x04, 0xFF,
    0x00, 0x00, 0xCF, 0x80, 0x00, 0x00, 0x04, 0xFF, 0x00, 0x00, 0xCF, 0x80, 0x00, 0x00, 0x04, 0xFF,
    0x00, 0x00, 0x00, 0x4F, 0xF8, 0x00, 0x00, 0x00, 0x00, 0x00, 0x00, 0x07, 0xFF, 0x20, 0x00, 0x00,
    0x00, 0x00, 0x00, 0x00, 0x8F, 0xC0, 0x00, 0x00, 0x00, 0x00, 0x00, 0x00, 0x06, 0xF8, 0x00, 0x00,
    0x00, 0x00, 0x00, 0x00, 0x00, 0x00, 0x00, 0x00, 0x00, 0x00, 0x00, 0x00, 0x00, 0x00, 0x00, 0x00,
    0x00, 0x00, 0x00, 0x39, 0xDF, 0xEC, 0x71, 0x00, 0x00, 0x00, 0x07, 0xFF, 0xFE, 0xEF, 0xFD, 0x30,
    0x00, 0x00, 0x5F, 0xF8, 0x10, 0x03, 0xBF, 0xE1, 0x00, 0x00, 0xDF, 0x90, 0x00, 0x00, 0x0D, 0xF9,
    0x00, 0x04, 0xFF, 0x20, 0x00, 0x00, 0x06, 0xFE, 0x00, 0x07, 0xFE, 0x00, 0x00, 0x00, 0x03, 0xFF,
    0x30, 0x08, 0xFC, 0x00, 0x00, 0x00, 0x01, 0xFF, 0x40, 0x08, 0xFD, 0x00, 0x00, 0x00, 0x02, 0xFF,
    0x40, 0x06, 0xFF, 0x00, 0x00, 0x00, 0x03, 0xFF, 0x30, 0x03, 0xFF, 0x30, 0x00, 0x00, 0x07, 0xFF,
    0x00, 0x00, 0xDF, 0xA0, 0x00, 0x00, 0x1E, 0xFA, 0x00, 0x00, 0x4F, 0xF9, 0x10, 0x03, 0xBF, 0xE2,
    0x00, 0x00, 0x06, 0xFF, 0xFE, 0xEF, 0xFE, 0x40, 0x00, 0x00, 0x00, 0x29, 0xDE, 0xEC, 0x81, 0x00,
    0x00, 0x00, 0x00, 0x00, 0x00, 0x5F, 0xF8, 0x00, 0x00, 0x00, 0x00, 0x00, 0x01, 0xDF, 0xA0, 0x00,
    0x00, 0x00, 0x00, 0x00, 0x09, 0xFA, 0x00, 0x00, 0x00, 0x00, 0x00, 0x00, 0x5F, 0x90, 0x00, 0x00,
    0x00, 0x00, 0x00, 0x00, 0x00, 0x00, 0x00, 0x00, 0x00, 0x00, 0x00, 0x00, 0x00, 0x00, 0x00, 0x00,
    0x00, 0x00, 0x00, 0x39, 0xDF, 0xEC, 0x71, 0x00, 0x00, 0x00, 0x07, 0xFF, 0xFE, 0xEF, 0xFD, 0x30,
    0x00, 0x00, 0x5F, 0xF8, 0x10, 0x03, 0xBF, 0xE1, 0x00, 0x00, 0xDF, 0x90, 0x00, 0x00, 0x0D, 0xF9,
    0x00, 0x04, 0xFF, 0x20, 0x00, 0x00, 0x06, 0xFE, 0x00, 0x07, 0xFE, 0x00, 0x00, 0x00, 0x03, 0xFF,
    0x30, 0x08, 0xFC, 0x00, 0x00, 0x00, 0x01, 0xFF, 0x40, 0x08, 0xFD, 0x00, 0x00, 0x00, 0x02, 0xFF,
    0x40, 0x06, 0xFF, 0x00, 0x00, 0x00, 0x03, 0xFF, 0x30, 0x03, 0xFF, 0x30, 0x00, 0x00, 0x07, 0xFF,
    0x00, 0x00, 0xDF, 0xA0, 0x00, 0x00, 0x1E, 0xFA, 0x00, 0x00, 0x4F, 0xF9, 0x10, 0x03, 0xBF, 0xE2,
    0x00, 0x00, 0x06, 0xFF, 0xFE, 0xEF, 0xFE, 0x40, 0x00, 0x00, 0x00, 0x29, 0xDE, 0xEC, 0x81, 0x00,
    0x00, 0x00, 0x00, 0x00, 0xAF, 0xF5, 0x00, 0x00, 0x00, 0x00, 0x00, 0x07, 0xFE, 0xFE, 0x30, 0x00,
    0x00, 0x00, 0x00, 0x5F, 0xD2, 0x6F, 0xE2, 0x00, 0x00, 0x00, 0x04, 0xFA, 0x10, 0x03, 0xDD, 0x20,
    0x00, 0x00, 0x00, 0x00, 0x00, 0x00, 0x00, 0x00, 0x00, 0x00, 0x00, 0x00, 0x00, 0x00, 0x00, 0x00,
    0x00, 0x00, 0x00, 0x39, 0xDF, 0xEC, 0x71, 0x00, 0x00, 0x00, 0x07, 0xFF, 0xFE, 0xEF, 0xFD, 0x30,
    0x00, 0x00, 0x5F, 0xF8, 0x10, 0x03, 0xBF, 0xE1, 0x00, 0x00, 0xDF, 0x90, 0x00, 0x00, 0x0D, 0xF9,
    0x00, 0x04, 0xFF, 0x20, 0x00, 0x00, 0x06, 0xFE, 0x00, 0x07, 0xFE, 0x00, 0x00, 0x00, 0x03, 0xFF,
    0x30, 0x08, 0xFC, 0x00, 0x00, 0x00, 0x01, 0xFF, 0x40, 0x08, 0xFD, 0x00, 0x00, 0x00, 0x02, 0xFF,
    0x40, 0x06, 0xFF, 0x00, 0x00, 0x00, 0x03, 0xFF, 0x30, 0x03, 0xFF, 0x30, 0x00, 0x00, 0x07, 0xFF,
    0x00, 0x00, 0xDF, 0xA0, 0x00, 0x00, 0x1E, 0xFA, 0x00, 0x00, 0x4F, 0xF9, 0x10, 0x03, 0xBF, 0xE2,
    0x00, 0x00, 0x06, 0xFF, 0xFE, 0xEF, 0xFE, 0x40, 0x00, 0x00, 0x00, 0x29, 0xDE, 0xEC, 0x81, 0x00,
    0x00, 0x00, 0x00, 0x8E, 0xEA, 0x40, 0x1D, 0x80, 0x00, 0x00, 0x06, 0xFE, 0xEF, 0xFE, 0xEF, 0x30,
    0x00, 0x00, 0x0B, 0xB0, 0x05, 0xBF, 0xD5, 0x00, 0x00, 0x00, 0x00, 0x00, 0x00, 0x00, 0x00, 0x00,
    0x00, 0x00, 0x00, 0x00, 0x00, 0x00, 0x00, 0x00, 0x00, 0x00, 0x00, 0x39, 0xDF, 0xEC, 0x71, 0x00,
    0x00, 0x00, 0x07, 0xFF, 0xFE, 0xEF, 0xFD, 0x30, 0x00, 0x00, 0x5F, 0xF8, 0x10, 0x03, 0xBF, 0xE1,
    0x00, 0x00, 0xDF, 0x90, 0x00, 0x00, 0x0D, 0xF9, 0x00, 0x04, 0xFF, 0x20, 0x00, 0x00, 0x06, 0xFE,
    0x00, 0x07, 0xFE, 0x00, 0x00, 0x00, 0x03, 0xFF, 0x30, 0x08, 0xFC, 0x00, 0x00, 0x00, 0x01, 0xFF,
    0x40, 0x08, 0xFD, 0x00, 0x00, 0x00, 0x02, 0xFF, 0x40, 0x06, 0xFF, 0x00, 0x00, 0x00, 0x03, 0xFF,
    0x30, 0x03, 0xFF, 0x30, 0x00, 0x00, 0x07, 0xFF, 0x00, 0x00, 0xDF, 0xA0, 0x00, 0x00, 0x1E, 0xFA,
    0x00, 0x00, 0x4F, 0xF9, 0x10, 0x03, 0xBF, 0xE2, 0x00, 0x00, 0x06, 0xFF, 0xFE, 0xEF, 0xFE, 0x40,
    0x00, 0x00, 0x00, 0x29, 0xDE, 0xEC, 0x81, 0x00, 0x00, 0x00, 0x00, 0x5C, 0x40, 0x07, 0xC3, 0x00,
    0x00, 0x00, 0x00, 0xBF, 0xA0, 0x0D, 0xF8, 0x00, 0x00, 0x00, 0x00, 0x6E, 0x50, 0x08, 0xE4, 0x00,
    0x00, 0x00, 0x00, 0x00, 0x00, 0x00, 0x00, 0x00, 0x00, 0x00, 0x00, 0x00, 0x00, 0x00, 0x00, 0x00,
    0x00, 0x00, 0x00, 0x39, 0xDF, 0xEC, 0x71, 0x00, 0x00, 0x00, 0x07, 0xFF, 0xFE, 0xEF, 0xFD, 0x30,
    0x00, 0x00, 0x5F, 0xF8, 0x10, 0x03, 0xBF, 0xE1, 0x00, 0x00, 0xDF, 0x90, 0x00, 0x00, 0x0D, 0xF9,
    0x00, 0x04, 0xFF, 0x20, 0x00, 0x00, 0x06, 0xFE, 0x00, 0x07, 0xFE, 0x00, 0x00, 0x00, 0x03, 0xFF,
    0x30, 0x08, 0xFC, 0x00, 0x00, 0x00, 0x01, 0xFF, 0x40, 0x08, 0xFD, 0x00, 0x00, 0x00, 0x02, 0xFF,
    0x40, 0x06, 0xFF, 0x00, 0x00, 0x00, 0x03, 0xFF, 0x30, 0x03, 0xFF, 0x30, 0x00, 0x00, 0x07, 0xFF,
    0x00, 0x00, 0xDF, 0xA0, 0x00, 0x00, 0x1E, 0xFA, 0x00, 0x00, 0x4F, 0xF9, 0x10, 0x03, 0xBF, 0xE2,
    0x00, 0x00, 0x06, 0xFF, 0xFE, 0xEF, 0xFE, 0x40, 0x00, 0x00, 0x00, 0x29, 0xDE, 0xEC, 0x81, 0x00,
    0x00, 0x00, 0x00, 0x00, 0xAE, 0x70, 0x00, 0x00, 0x00, 0x00, 0x00, 0x0F, 0xFC, 0x00, 0x00, 0x00,
    0x00, 0x00, 0x00, 0xAE, 0x70, 0x00, 0x00, 0x00, 0x00, 0x00, 0x00, 0x00, 0x00, 0x00, 0x00, 0x00,
    0x00, 0x00, 0x00, 0x00, 0x00, 0x00, 0x00, 0x9D, 0xDD, 0xDD, 0xDD, 0xDD, 0xDD, 0x70, 0x0B, 0xFF,
    0xFF, 0xFF, 0xFF, 0xFF, 0xF8, 0x00, 0x00, 0x00, 0x00, 0x00, 0x00, 0x00, 0x00, 0x00, 0x00, 0x00,
    0x00, 0x00, 0x00, 0x00, 0x00, 0x00, 0x00, 0x0A, 0xE7, 0x00, 0x00, 0x00, 0x00, 0x00, 0x00, 0xFF,
    0xC0, 0x00, 0x00, 0x00, 0x00, 0x00, 0x0A, 0xE7, 0x00, 0x00, 0x00, 0x00, 0x00, 0x00, 0x00, 0x00,
    0x00, 0x00, 0x00, 0x00, 0x00, 0x00, 0x00, 0x00, 0x00, 0x00, 0x00, 0x00, 0x00, 0x00, 0x00, 0x00,
    0x00, 0x00, 0x00, 0x00, 0x00, 0x00, 0x00, 0x00, 0x40, 0x00, 0x00, 0x00, 0x39, 0xDF, 0xEC, 0x66,
    0xF9, 0x00, 0x00, 0x07, 0xFF, 0xFE, 0xEF, 0xFF, 0xF3, 0x00, 0x00, 0x5F, 0xF8, 0x10, 0x04, 0xFF,
    0xD1, 0x00, 0x00, 0xDF, 0x90, 0x00, 0x08, 0xFF, 0xF8, 0x00, 0x04, 0xFF, 0x20, 0x00, 0x4F, 0xD8,
    0xFE, 0x00, 0x07, 0xFE, 0x00, 0x02, 0xEF, 0x33, 0xFF, 0x30, 0x08, 0xFC, 0x00, 0x0C, 0xF7, 0x01,
    0xFF, 0x40, 0x08, 0xFD, 0x00, 0x8F, 0xA0, 0x02, 0xFF, 0x40, 0x07, 0xFE, 0x05, 0xFD, 0x10, 0x03,
    0xFF, 0x30, 0x03, 0xFF, 0x5E, 0xF3, 0x00, 0x07, 0xFF, 0x00, 0x00, 0xDF, 0xFF, 0x70, 0x00, 0x1D,
    0xFA, 0x00, 0x00, 0x4F, 0xFD, 0x10, 0x03, 0xBF, 0xE2, 0x00, 0x00, 0x4F, 0xFF, 0xFE, 0xEF, 0xFE,
    0x40, 0x00, 0x00, 0xCF, 0x69, 0xDE, 0xEC, 0x81, 0x00, 0x00, 0x00, 0x15, 0x00, 0x00, 0x00, 0x00,
    0x00, 0x00, 0x00, 0x00, 0x3F, 0xFA, 0x00, 0x00, 0x00, 0x00, 0x00, 0x00, 0x05, 0xFF, 0x40, 0x00,
    0x00, 0x00, 0x00, 0x00, 0x00, 0x5F, 0xD1, 0x00, 0x00, 0x00, 0x00, 0x00, 0x00, 0x04, 0xEA, 0x00,
    0x00, 0x00, 0x00, 0x00, 0x00, 0x00, 0x00, 0x00, 0x00, 0x00, 0x00, 0x00, 0x00, 0x00, 0x00, 0x00,
    0x00, 0x00, 0x00, 0xEF, 0x60, 0x00, 0x00, 0x07, 0xFD, 0x00, 0x00, 0xEF, 0x60, 0x00, 0x00, 0x07,
    0xFD, 0x00, 0x00, 0xEF, 0x60, 0x00, 0x00, 0x07, 0xFD, 0x00, 0x00, 0xEF, 0x60, 0x00, 0x00, 0x07,
    0xFD, 0x00, 0x00, 0xEF, 0x60, 0x00, 0x00, 0x07, 0xFD, 0x00, 0x00, 0xEF, 0x60, 0x00, 0x00, 0x07,
    0xFD, 0x00, 0x00, 0xEF, 0x60, 0x00, 0x00, 0x07, 0xFD, 0x00, 0x00, 0xEF, 0x60, 0x00, 0x00, 0x07,
    0xFD, 0x00, 0x00, 0xEF, 0x60, 0x00, 0x00, 0x08, 0xFD, 0x00, 0x00, 0xEF, 0x70, 0x00, 0x00, 0x0B,
    0xFD, 0x00, 0x00, 0xCF, 0xB0, 0x00, 0x00, 0x2F, 0xFD, 0x00, 0x00, 0x8F, 0xF7, 0x00, 0x04, 0xDF,
    0xFD, 0x00, 0x00, 0x1D, 0xFF, 0xFE, 0xEF, 0xE6, 0xFD, 0x00, 0x00, 0x01, 0x8C, 0xEE, 0xD8, 0x11,
    0xFD, 0x00, 0x00, 0x00, 0x00, 0x00, 0x3F, 0xFA, 0x00, 0x00, 0x00, 0x00, 0x00, 0x00, 0xCF, 0xC1,
    0x00, 0x00, 0x00, 0x00, 0x00, 0x07, 0xFC, 0x10, 0x00, 0x00, 0x00, 0x00, 0x00, 0x3F, 0xA1, 0x00,
    0x00, 0x00, 0x00, 0x00, 0x00, 0x00, 0x00, 0x00, 0x00, 0x00, 0x00, 0x00, 0x00, 0x00, 0x00, 0x00,
    0x00, 0x00, 0x00, 0xEF, 0x60, 0x00, 0x00, 0x07, 0xFD, 0x00, 0x00, 0xEF, 0x60, 0x00, 0x00, 0x07,
    0xFD, 0x00, 0x00, 0xEF, 0x60, 0x00, 0x00, 0x07, 0xFD, 0x00, 0x00, 0xEF, 0x60, 0x00, 0x00, 0x07,
    0xFD, 0x00, 0x00, 0xEF, 0x60, 0x00, 0x00, 0x07, 0xFD, 0x00, 0x00, 0xEF, 0x60, 0x00, 0x00, 0x07,
    0xFD, 0x00, 0x00, 0xEF, 0x60, 0x00, 0x00, 0x07, 0xFD, 0x00, 0x00, 0xEF, 0x60, 0x00, 0x00, 0x07,
    0xFD, 0x00, 0x00, 0xEF, 0x60, 0x00, 0x00, 0x08, 0xFD, 0x00, 0x00, 0xEF, 0x70, 0x00, 0x00, 0x0B,
    0xFD, 0x00, 0x00, 0xCF, 0xB0, 0x00, 0x00, 0x2F, 0xFD, 0x00, 0x00, 0x8F, 0xF7, 0x00, 0x04, 0xDF,
    0xFD, 0x00, 0x00, 0x1D, 0xFF, 0xFE, 0xEF, 0xE6, 0xFD, 0x00, 0x00, 0x01, 0x8C, 0xEE, 0xD8, 0x11,
    0xFD, 0x00, 0x00, 0x00, 0x00, 0x8F, 0xF8, 0x00, 0x00, 0x00, 0x00, 0x00, 0x05, 0xFE, 0xFF, 0x50,
    0x00, 0x00, 0x00, 0x00, 0x4F, 0xE3, 0x4E, 0xE4, 0x00, 0x00, 0x00, 0x02, 0xEC, 0x20, 0x02, 0xCE,
    0x30, 0x00, 0x00, 0x00, 0x00, 0x00, 0x00, 0x00, 0x00, 0x00, 0x00, 0x00, 0x00, 0x00, 0x00, 0x00,
    0x00, 0x00, 0x00, 0xEF, 0x60, 0x00, 0x00, 0x07, 0xFD, 0x00, 0x00, 0xEF, 0x60, 0x00, 0x00, 0x07,
    0xFD, 0x00, 0x00, 0xEF, 0x60, 0x00, 0x00, 0x07, 0xFD, 0x00, 0x00, 0xEF, 0x60, 0x00, 0x00, 0x07,
    0xFD, 0x00, 0x00, 0xEF, 0x60, 0x00, 0x00, 0x07, 0xFD, 0x00, 0x00, 0xEF, 0x60, 0x00, 0x00, 0x07,
    0xFD, 0x00, 0x00, 0xEF, 0x60, 0x00, 0x00, 0x07, 0xFD, 0x00, 0x00, 0xEF, 0x60, 0x00, 0x00, 0x07,
    0xFD, 0x00, 0x00, 0xEF, 0x60, 0x00, 0x00, 0x08, 0xFD, 0x00, 0x00, 0xEF, 0x70, 0x00, 0x00, 0x0B,
    0xFD, 0x00, 0x00, 0xCF, 0xB0, 0x00, 0x00, 0x2F, 0xFD, 0x00, 0x00, 0x8F, 0xF7, 0x00, 0x04, 0xDF,
    0xFD, 0x00, 0x00, 0x1D, 0xFF, 0xFE, 0xEF, 0xE6, 0xFD, 0x00, 0x00, 0x01, 0x8C, 0xEE, 0xD8, 0x11,
    0xFD, 0x00, 0x00, 0x00, 0x3C, 0x60, 0x05, 0xC4, 0x00, 0x00, 0x00, 0x00, 0x9F, 0xC0, 0x0A, 0xFA,
    0x00, 0x00, 0x00, 0x00, 0x4E, 0x70, 0x06, 0xE5, 0x00, 0x00, 0x00, 0x00, 0x00, 0x00, 0x00, 0x00,
    0x00, 0x00, 0x00, 0x00, 0x00, 0x00, 0x00, 0x00, 0x00, 0x00, 0x00, 0xEF, 0x60, 0x00, 0x00, 0x07,
    0xFD, 0x00, 0x00, 0xEF, 0x60, 0x00, 0x00, 0x07, 0xFD, 0x00, 0x00, 0xEF, 0x60, 0x00, 0x00, 0x07,
    0xFD, 0x00, 0x00, 0xEF, 0x60, 0x00, 0x00, 0x07, 0xFD, 0x00, 0x00, 0xEF, 0x60, 0x00, 0x00, 0x07,
    0xFD, 0x00, 0x00, 0xEF, 0x60, 0x00, 0x00, 0x07, 0xFD, 0x00, 0x00, 0xEF, 0x60, 0x00, 0x00, 0x07,
    0xFD, 0x00, 0x00, 0xEF, 0x60, 0x00, 0x00, 0x07, 0xFD, 0x00, 0x00, 0xEF, 0x60, 0x00, 0x00, 0x08,
    0xFD, 0x00, 0x00, 0xEF, 0x70, 0x00, 0x00, 0x0B, 0xFD, 0x00, 0x00, 0xCF, 0xB0, 0x00, 0x00, 0x2F,
    0xFD, 0x00, 0x00, 0x8F, 0xF7, 0x00, 0x04, 0xDF, 0xFD, 0x00, 0x00, 0x1D, 0xFF, 0xFE, 0xEF, 0xE6,
    0xFD, 0x00, 0x00, 0x01, 0x8C, 0xEE, 0xD8, 0x11, 0xFD, 0x00, 0x00, 0x00, 0x00, 0x09, 0xFF, 0x40,
    0x00, 0x00, 0x00, 0x00, 0x3F, 0xF6, 0x00, 0x00, 0x00, 0x00, 0x00, 0xCF, 0x70, 0x00, 0x00, 0x00,
    0x00, 0x08, 0xF6, 0x00, 0x00, 0x00, 0x00, 0x00, 0x00, 0x00, 0x00, 0x00, 0x00, 0x00, 0x00, 0x00,
    0x00, 0x00, 0x00, 0x00, 0xCF, 0xA0, 0x00, 0x00, 0x00, 0x6F, 0xF1, 0x5F, 0xF1, 0x00, 0x00, 0x00,
    0xBF, 0xA0, 0x0E, 0xF6, 0x00, 0x00, 0x02, 0xFF, 0x50, 0x08, 0xFC, 0x00, 0x00, 0x07, 0xFE, 0x00,
    0x02, 0xFF, 0x30, 0x00, 0x0D, 0xF8, 0x00, 0x00, 0xBF, 0x90, 0x00, 0x3F, 0xF2, 0x00, 0x00, 0x5F,
    0xE0, 0x00, 0x8F, 0xC0, 0x00, 0x00, 0x0E, 0xF5, 0x00, 0xEF, 0x60, 0x00, 0x00, 0x08, 0xFB, 0x04,
    0xFE, 0x10, 0x00, 0x00, 0x02, 0xFF, 0x19, 0xF9, 0x00, 0x00, 0x00, 0x00, 0xBF, 0x5E, 0xF4, 0x00,
    0x00, 0x00, 0x00, 0x5F, 0xCF, 0xD0, 0x00, 0x00, 0x00, 0x00, 0x0D, 0xFF, 0x70, 0x00, 0x00, 0x00,
    0x00, 0x08, 0xFF, 0x20, 0x00, 0x00, 0x00, 0x00, 0x09, 0xFB, 0x00, 0x00, 0x00, 0x00, 0x00, 0x1E,
    0xF5, 0x00, 0x00, 0x00, 0x00, 0x00, 0x8F, 0xD0, 0x00, 0x00, 0x00, 0x00, 0x06, 0xFF, 0x60, 0x00,
    0x00, 0x00, 0xAD, 0xFF, 0xFA, 0x00, 0x00, 0x00, 0x00, 0x9E, 0xFD, 0x70, 0x00, 0x00, 0x00, 0x00,
    0x00, 0xCF, 0x80, 0x00, 0x00, 0x00, 0x00, 0x00, 0x00, 0xCF, 0x80, 0x00, 0x00, 0x00, 0x00, 0x00,
    0x00, 0xCF, 0x80, 0x00, 0x00, 0x00, 0x00, 0x00, 0x00, 0xCF, 0x80, 0x00, 0x00, 0x00, 0x00, 0x00,
    0x00, 0xCF, 0x80, 0x00, 0x00, 0x00, 0x00, 0x00, 0x00, 0xCF, 0x71, 0x7D, 0xEE, 0xB5, 0x00, 0x00,
    0x00, 0xCF, 0x8C, 0xFE, 0xDF, 0xFF, 0xA0, 0x00, 0x00, 0xCF, 0xFD, 0x40, 0x01, 0x7F, 0xF7, 0x00,
    0x00, 0xCF, 0xF2, 0x00, 0x00, 0x08, 0xFE, 0x10, 0x00, 0xCF, 0xC0, 0x00, 0x00, 0x02, 0xFF, 0x40,
    0x00, 0xCF, 0x90, 0x00, 0x00, 0x00, 0xEF, 0x70, 0x00, 0xCF, 0x80, 0x00, 0x00, 0x00, 0xDF, 0x80,
    0x00, 0xCF, 0x80, 0x00, 0x00, 0x00, 0xDF, 0x80, 0x00, 0xCF, 0x90, 0x00, 0x00, 0x00, 0xEF, 0x70,
    0x00, 0xCF, 0xC0, 0x00, 0x00, 0x02, 0xFF, 0x40, 0x00, 0xCF, 0xF3, 0x00, 0x00, 0x08, 0xFE, 0x10,
    0x00, 0xCF, 0xFD, 0x40, 0x01, 0x7F, 0xF7, 0x00, 0x00, 0xCF, 0x8D, 0xFE, 0xDF, 0xFF, 0xA0, 0x00,
    0x00, 0xCF, 0x71, 0x8D, 0xFE, 0xB5, 0x00, 0x00, 0x00, 0xCF, 0x70, 0x00, 0x00, 0x00, 0x00, 0x00,
    0x00, 0xCF, 0x80, 0x00, 0x00, 0x00, 0x00, 0x00, 0x00, 0xCF, 0x80, 0x00, 0x00, 0x00, 0x00, 0x00,
    0x00, 0xCF, 0x80, 0x00, 0x00, 0x00, 0x00, 0x00, 0x00, 0xCF, 0x80, 0x00, 0x00, 0x00, 0x00, 0x00,
    0x00, 0xCF, 0x80, 0x00, 0x00, 0x00, 0x00, 0x00, 0x00, 0x08, 0xB2, 0x00, 0xAB, 0x10, 0x00, 0x00,
    0x0F, 0xF6, 0x01, 0xFF, 0x40, 0x00, 0x00, 0x0A, 0xE2, 0x00, 0xCD, 0x10, 0x00, 0x00, 0x00, 0x00,
    0x00, 0x00, 0x00, 0x00, 0x00, 0x00, 0x00, 0x00, 0x00, 0x00, 0x00, 0xCF, 0xA0, 0x00, 0x00, 0x00,
    0x6F, 0xF1, 0x5F, 0xF1, 0x00, 0x00, 0x00, 0xBF, 0xA0, 0x0E, 0xF6, 0x00, 0x00, 0x02, 0xFF, 0x50,
    0x08, 0xFC, 0x00, 0x00, 0x07, 0xFE, 0x00, 0x02, 0xFF, 0x30, 0x00, 0x0D, 0xF8, 0x00, 0x00, 0xBF,
    0x90, 0x00, 0x3F, 0xF2, 0x00, 0x00, 0x5F, 0xE0, 0x00, 0x8F, 0xC0, 0x00, 0x00, 0x0E, 0xF5, 0x00,
    0xEF, 0x60, 0x00, 0x00, 0x08, 0xFB, 0x04, 0xFE, 0x10, 0x00, 0x00, 0x02, 0xFF, 0x19, 0xF9, 0x00,
    0x00, 0x00, 0x00, 0xBF, 0x5E, 0xF4, 0x00, 0x00, 0x00, 0x00, 0x5F, 0xCF, 0xD0, 0x00, 0x00, 0x00,
    0x00, 0x0D, 0xFF, 0x70, 0x00, 0x00, 0x00, 0x00, 0x08, 0xFF, 0x20, 0x00, 0x00, 0x00, 0x00, 0x09,
    0xFB, 0x00, 0x00, 0x00, 0x00, 0x00, 0x1E, 0xF5, 0x00, 0x00, 0x00, 0x00, 0x00, 0x8F, 0xD0, 0x00,
    0x00, 0x00, 0x00, 0x06, 0xFF, 0x60, 0x00, 0x00, 0x00, 0xAD, 0xFF, 0xFA, 0x00, 0x00, 0x00, 0x00,
    0x9E, 0xFD, 0x70, 0x00, 0x00, 0x00, 0x00,
};

inline constexpr FontGlyph kNotoSans26aaGlyphs[] = {
    {0, 0, 0, 7, 0, 0},  // 'space'
    {0, 7, 18, 7, 0, -18},  // '!'
    {63, 11, 18, 11, 0, -18},  // '"'
    {162, 17, 18, 17, 0, -18},  // '#'
    {315, 15, 21, 15, 0, -19},  // '$'
    {473, 22, 18, 22, 0, -18},  // '%'
    {671, 19, 18, 19, 0, -18},  // '&'
    {842, 6, 18, 6, 0, -18},  // '''
    {896, 8, 23, 8, 0, -18},  // '('
    {988, 8, 23, 8, 0, -18},  // ')'
    {1080, 14, 19, 14, 0, -19},  // '*'
    {1213, 15, 15, 15, 0, -15},  // '+'
    {1326, 7, 6, 7, 0, -3},  // ','
    {1347, 8, 8, 8, 0, -8},  // '-'
    {1379, 7, 3, 7, 0, -3},  // '.'
    {1390, 10, 18, 10, 0, -18},  // '/'
    {1480, 15, 18, 15, 0, -18},  // '0'
    {1615, 15, 18, 15, 0, -18},  // '1'
    {1750, 15, 18, 15, 0, -18},  // '2'
    {1885, 15, 18, 15, 0, -18},  // '3'
    {2020, 15, 18, 15, 0, -18},  // '4'
    {2155, 15, 18, 15, 0, -18},  // '5'
    {2290, 15, 18, 15, 0, -18},  // '6'
    {2425, 15, 18, 15, 0, -18},  // '7'
    {2560, 15, 18, 15, 0, -18},  // '8'
    {2695, 15, 18, 15, 0, -18},  // '9'
    {2830, 7, 14, 7, 0, -14},  // ':'
    {2879, 7, 17, 7, 0, -14},  // ';'
    {2939, 15, 16, 15, 0, -16},  // '<'
    {3059, 15, 13, 15, 0, -13},  // '='
    {3157, 15, 16, 15, 0, -16},  // '>'
    {3277, 11, 18, 11, 0, -18},  // '?'
    {3376, 23, 20, 23, 0, -18},  // '@'
    {3606, 17, 18, 17, 0, -18},  // 'A'
    {3759, 17, 18, 17, 0, -18},  // 'B'
    {3912, 16, 18, 16, 0, -18},  // 'C'
    {4056, 19, 18, 19, 0, -18},  // 'D'
    {4227, 14, 18, 14, 0, -18},  // 'E'
    {4353, 14, 18, 14, 0, -18},  // 'F'
    {4479, 19, 18, 19, 0, -18},  // 'G'
    {4650, 19, 18, 19, 0, -18},  // 'H'
    {4821, 9, 18, 9, 0, -18},  // 'I'
    {4902, 10, 23, 7, -3, -18},  // 'J'
    {5017, 17, 18, 16, 0, -18},  // 'K'
    {5170, 14, 18, 14, 0, -18},  // 'L'
    {5296, 24, 18, 24, 0, -18},  // 'M'
    {5512, 20, 18, 20, 0, -18},  // 'N'
    {5692, 20, 18, 20, 0, -18},  // 'O'
    {5872, 16, 18, 16, 0, -18},  // 'P'
    {6016, 20, 22, 20, 0, -18},  // 'Q'
    {6236, 16, 18, 16, 0, -18},  // 'R'
    {6380, 14, 18, 14, 0, -18},  // 'S'
    {6506, 15, 18, 14, 0, -18},  // 'T'
    {6641, 19, 18, 19, 0, -18},  // 'U'
    {6812, 16, 18, 16, 0, -18},  // 'V'
    {6956, 24, 18, 24, 0, -18},  // 'W'
    {7172, 16, 18, 15, 0, -18},  // 'X'
    {7316, 15, 18, 15, 0, -18},  // 'Y'
    {7451, 15, 18, 15, 0, -18},  // 'Z'
    {7586, 9, 22, 9, 0, -18},  // '['
    {7685, 10, 18, 10, 0, -18},  // '0x5C'
    {7775, 9, 22, 9, 0, -18},  // ']'
    {7874, 15, 19, 15, 0, -19},  // '^'
    {8017, 13, 4, 12, -1, 0},  // '_'
    {8043, 7, 20, 7, 0, -20},  // '`'
    {8113, 15, 14, 15, 0, -14},  // 'a'
    {8218, 16, 19, 16, 0, -19},  // 'b'
    {8370, 12, 14, 12, 0, -14},  // 'c'
    {8454, 16, 19, 16, 0, -19},  // 'd'
    {8606, 15, 14, 15, 0, -14},  // 'e'
    {8711, 11, 19, 9, 0, -19},  // 'f'
    {8816, 16, 20, 16, 0, -14},  // 'g'
    {8976, 16, 19, 16, 0, -19},  // 'h'
    {9128, 7, 19, 7, 0, -19},  // 'i'
    {9195, 9, 25, 7, -2, -19},  // 'j'
    {9308, 14, 19, 14, 0, -19},  // 'k'
    {9441, 7, 19, 7, 0, -19},  // 'l'
    {9508, 24, 14, 24, 0, -14},  // 'm'
    {9676, 16, 14, 16, 0, -14},  // 'n'
    {9788, 16, 14, 16, 0, -14},  // 'o'
    {9900, 16, 20, 16, 0, -14},  // 'p'
    {10060, 16, 20, 16, 0, -14},  // 'q'
    {10220, 11, 14, 11, 0, -14},  // 'r'
    {10297, 12, 14, 12, 0, -14},  // 's'
    {10381, 9, 17, 9, 0, -17},  // 't'
    {10458, 16, 14, 16, 0, -14},  // 'u'
    {10570, 14, 14, 13, 0, -14},  // 'v'
    {10668, 21, 14, 20, 0, -14},  // 'w'
    {10815, 14, 14, 14, 0, -14},  // 'x'
    {10913, 14, 20, 13, 0, -14},  // 'y'
    {11053, 12, 14, 12, 0, -14},  // 'z'
    {11137, 10, 22, 10, 0, -18},  // '{'
    {11247, 14, 25, 14, 0, -19},  // '|'
    {11422, 10, 22, 10, 0, -18},  // '}'
    {11532, 15, 10, 15, 0, -10},  // '~'
    {11607, 16, 19, 16, 0, -18},  // ''
    {11759, 16, 19, 16, 0, -18},  // ''
    {11911, 16, 19, 16, 0, -18},  // ''
    {12063, 16, 19, 16, 0, -18},  // ''
    {12215, 16, 19, 16, 0, -18},  // ''
    {12367, 16, 19, 16, 0, -18},  // ''
    {12519, 16, 19, 16, 0, -18},  // ''
    {12671, 16, 19, 16, 0, -18},  // ''
    {12823, 16, 19, 16, 0, -18},  // ''
    {12975, 16, 19, 16, 0, -18},  // ''
    {13127, 16, 19, 16, 0, -18},  // ''
    {13279, 16, 19, 16, 0, -18},  // ''
    {13431, 16, 19, 16, 0, -18},  // ''
    {13583, 16, 19, 16, 0, -18},  // ''
    {13735, 16, 19, 16, 0, -18},  // ''
    {13887, 16, 19, 16, 0, -18},  // ''
    {14039, 16, 19, 16, 0, -18},  // ''
    {14191, 16, 19, 16, 0, -18},  // ''
    {14343, 16, 19, 16, 0, -18},  // ''
    {14495, 16, 19, 16, 0, -18},  // ''
    {14647, 16, 19, 16, 0, -18},  // ''
    {14799, 16, 19, 16, 0, -18},  // ''
    {14951, 16, 19, 16, 0, -18},  // ''
    {15103, 16, 19, 16, 0, -18},  // ''
    {15255, 16, 19, 16, 0, -18},  // ''
    {15407, 16, 19, 16, 0, -18},  // ''
    {15559, 16, 19, 16, 0, -18},  // ''
    {15711, 16, 19, 16, 0, -18},  // ''
    {15863, 16, 19, 16, 0, -18},  // ''
    {16015, 16, 19, 16, 0, -18},  // ''
    {16167, 16, 19, 16, 0, -18},  // ''
    {16319, 16, 19, 16, 0, -18},  // ''
    {16471, 16, 19, 16, 0, -18},  // ''
    {16623, 0, 0, 7, 0, 0},  // ' '
    {16623, 7, 18, 7, 0, -14},  // '¡'
    {16686, 15, 18, 15, 0, -18},  // '¢'
    {16821, 15, 18, 15, 0, -18},  // '£'
    {16956, 15, 15, 15, 0, -15},  // '¤'
    {17069, 15, 18, 15, 0, -18},  // '¥'
    {17204, 14, 25, 14, 0, -19},  // '¦'
    {17379, 13, 19, 13, 0, -19},  // '§'
    {17503, 15, 19, 15, 0, -19},  // '¨'
    {17646, 22, 19, 22, 0, -19},  // '©'
    {17855, 9, 19, 9, 0, -19},  // 'ª'
    {17941, 13, 13, 13, 0, -13},  // '«'
    {18026, 15, 10, 15, 0, -10},  // '¬'
    {18101, 0, 0, 0, 0, 0},  // '­'
    {18101, 22, 19, 22, 0, -19},  // '®'
    {18310, 15, 21, 13, -1, -21},  // '¯'
    {18468, 11, 19, 11, 0, -19},  // '°'
    {18573, 15, 15, 15, 0, -15},  // '±'
    {18686, 9, 23, 9, 0, -23},  // '²'
    {18790, 9, 23, 9, 0, -23},  // '³'
    {18894, 7, 20, 7, 0, -20},  // '´'
    {18964, 16, 20, 16, 0, -14},  // 'µ'
    {19124, 17, 24, 17, 0, -19},  // '¶'
    {19328, 7, 11, 7, 0, -11},  // '·'
    {19367, 6, 7, 6, 0, 0},  // '¸'
    {19388, 9, 22, 9, 0, -22},  // '¹'
    {19487, 10, 19, 10, 0, -19},  // 'º'
    {19582, 13, 13, 13, 0, -13},  // '»'
    {19667, 20, 18, 19, 0, -18},  // '¼'
    {19847, 20, 18, 20, 0, -18},  // '½'
    {20027, 21, 19, 20, 0, -19},  // '¾'
    {20227, 11, 18, 11, 0, -14},  // '¿'
    {20326, 17, 25, 17, 0, -25},  // 'À'
    {20539, 17, 25, 17, 0, -25},  // 'Á'
    {20752, 17, 25, 17, 0, -25},  // 'Â'
    {20965, 17, 24, 17, 0, -24},  // 'Ã'
    {21169, 17, 24, 17, 0, -24},  // 'Ä'
    {21373, 17, 24, 17, 0, -24},  // 'Å'
    {21577, 24, 18, 23, -1, -18},  // 'Æ'
    {21793, 16, 25, 16, 0, -18},  // 'Ç'
    {21993, 14, 25, 14, 0, -25},  // 'È'
    {22168, 14, 25, 14, 0, -25},  // 'É'
    {22343, 14, 25, 14, 0, -25},  // 'Ê'
    {22518, 14, 24, 14, 0, -24},  // 'Ë'
    {22686, 9, 25, 9, 0, -25},  // 'Ì'
    {22799, 9, 25, 9, 0, -25},  // 'Í'
    {22912, 9, 25, 9, 0, -25},  // 'Î'
    {23025, 9, 24, 9, 0, -24},  // 'Ï'
    {23133, 19, 18, 19, 0, -18},  // 'Ð'
    {23304, 20, 24, 20, 0, -24},  // 'Ñ'
    {23544, 20, 25, 20, 0, -25},  // 'Ò'
    {23794, 20, 25, 20, 0, -25},  // 'Ó'
    {24044, 20, 25, 20, 0, -25},  // 'Ô'
    {24294, 20, 24, 20, 0, -24},  // 'Õ'
    {24534, 20, 24, 20, 0, -24},  // 'Ö'
    {24774, 15, 15, 15, 0, -15},  // '×'
    {24887, 20, 20, 20, 0, -19},  // 'Ø'
    {25087, 19, 25, 19, 0, -25},  // 'Ù'
    {25325, 19, 25, 19, 0, -25},  // 'Ú'
    {25563, 19, 25, 19, 0, -25},  // 'Û'
    {25801, 19, 24, 19, 0, -24},  // 'Ü'
    {26029, 15, 25, 15, 0, -25},  // 'Ý'
    {26217, 16, 18, 16, 0, -18},  // 'Þ'
    {26361, 16, 19, 16, 0, -19},  // 'ß'
    {26513, 15, 20, 15, 0, -20},  // 'à'
    {26663, 15, 20, 15, 0, -20},  // 'á'
    {26813, 15, 20, 15, 0, -20},  // 'â'
    {26963, 15, 19, 15, 0, -19},  // 'ã'
    {27106, 15, 19, 15, 0, -19},  // 'ä'
    {27249, 15, 22, 15, 0, -22},  // 'å'
    {27414, 22, 14, 22, 0, -14},  // 'æ'
    {27568, 12, 21, 12, 0, -14},  // 'ç'
    {27694, 15, 20, 15, 0, -20},  // 'è'
    {27844, 15, 20, 15, 0, -20},  // 'é'
    {27994, 15, 20, 15, 0, -20},  // 'ê'
    {28144, 15, 19, 15, 0, -19},  // 'ë'
    {28287, 8, 20, 7, -1, -20},  // 'ì'
    {28367, 8, 20, 7, 0, -20},  // 'í'
    {28447, 10, 20, 7, -2, -20},  // 'î'
    {28547, 9, 19, 7, -1, -19},  // 'ï'
    {28633, 16, 20, 16, 0, -20},  // 'ð'
    {28793, 16, 19, 16, 0, -19},  // 'ñ'
    {28945, 16, 20, 16, 0, -20},  // 'ò'
    {29105, 16, 20, 16, 0, -20},  // 'ó'
    {29265, 16, 20, 16, 0, -20},  // 'ô'
    {29425, 16, 19, 16, 0, -19},  // 'õ'
    {29577, 16, 19, 16, 0, -19},  // 'ö'
    {29729, 15, 15, 15, 0, -15},  // '÷'
    {29842, 16, 16, 16, 0, -15},  // 'ø'
    {29970, 16, 20, 16, 0, -20},  // 'ù'
    {30130, 16, 20, 16, 0, -20},  // 'ú'
    {30290, 16, 20, 16, 0, -20},  // 'û'
    {30450, 16, 19, 16, 0, -19},  // 'ü'
    {30602, 14, 26, 13, 0, -20},  // 'ý'
    {30784, 16, 25, 16, 0, -19},  // 'þ'
    {30984, 14, 25, 13, 0, -19},  // 'ÿ'
};

inline constexpr BitmapFont kNotoSans26aaFont = {
    kNotoSans26aaBitmap, kNotoSans26aaGlyphs, 0x0020, 0x00FF, 36, 28, 24, 26, 4};

}  // namespace ui
}  // namespace freeink
